[{"model": "core.team", "pk": 1, "fields": {"name": "\u042b\u0430\u044b", "logo": "logos/3.png", "description": "", "created_at": "2018-05-12T10:15:18.560Z"}}, {"model": "core.team", "pk": 2, "fields": {"name": "\u0421\u043a\u0430\u0436\u0435\u043d\u0456 \u043a\u0430\u0440\u0430\u0441\u0456", "logo": "logos/\u0421\u043a\u0430\u0436\u0435\u043d\u0456_\u041a\u0430\u0440\u0430\u0441\u0456.png", "description": "", "created_at": "2018-05-12T10:20:55.543Z"}}, {"model": "core.team", "pk": 3, "fields": {"name": "\u0427\u0443\u0431\u0438\u043d\u0441\u043a\u0438\u0435 \u0411\u043e\u0431\u0440\u044b", "logo": "logos/\u0421\u043f\u0438\u0441\u043e\u043a_\u043a\u043b\u0443\u0431\u0430_\u0427\u0443\u0431\u0438\u043d\u0441\u043a\u0438\u0435_\u0411\u043e\u0431\u0440\u044b_2018.xlsx", "description": "\u043f\u0433\u0442 \u0427\u0443\u0431\u0438\u043d\u0441\u043a\u043e\u0435 \u041a\u0438\u0435\u0432\u0441\u043a\u0430\u044f \u043e\u0431\u043b\u0430\u0441\u0442\u044c", "created_at": "2018-05-14T19:30:49.670Z"}}, {"model": "core.team", "pk": 15, "fields": {"name": "\u041a\u0440\u0438\u0432\u0431\u0430\u0441 \u041c\u0430\u0441\u0442\u0435\u0440\u0441", "logo": "logos/2018-05-27_0014_2gTxxGm.png", "description": "", "created_at": "2018-05-26T21:20:54.088Z"}}, {"model": "core.team", "pk": 16, "fields": {"name": "\u041c\u0430\u0440\u043b\u0456\u043d", "logo": "logos/f.jpg", "description": "", "created_at": "2018-05-29T14:58:36.651Z"}}, {"model": "core.team", "pk": 17, "fields": {"name": "\u0410\u0414\u041d-\u0412\u0435\u0442\u0435\u0440\u0430\u043d\u0438", "logo": "logos/f_q6rl6K8.jpg", "description": "", "created_at": "2018-05-29T16:10:09Z"}}, {"model": "core.teamrelationtouser", "pk": 1, "fields": {"user": ["ternura143@gmail.com"], "team": 1, "is_coach": true}}, {"model": "core.teamrelationtouser", "pk": 2, "fields": {"user": ["maks.yakovenko@gmail.com"], "team": 2, "is_coach": true}}, {"model": "core.teamrelationtouser", "pk": 3, "fields": {"user": ["brilyakovsvetlana@gmail.com"], "team": 2, "is_coach": false}}, {"model": "core.teamrelationtouser", "pk": 4, "fields": {"user": ["styarko@gmail.com"], "team": 2, "is_coach": false}}, {"model": "core.teamrelationtouser", "pk": 5, "fields": {"user": ["idenwinst@gmail.com"], "team": 2, "is_coach": false}}, {"model": "core.teamrelationtouser", "pk": 6, "fields": {"user": ["negrebetsky.is@gmail.com"], "team": 2, "is_coach": false}}, {"model": "core.teamrelationtouser", "pk": 7, "fields": {"user": ["svetlaja007@gmail.com"], "team": 2, "is_coach": false}}, {"model": "core.teamrelationtouser", "pk": 8, "fields": {"user": ["artemrano@gmail.com"], "team": 2, "is_coach": false}}, {"model": "core.teamrelationtouser", "pk": 9, "fields": {"user": ["sergei.drapkin@snaige.net"], "team": 3, "is_coach": true}}, {"model": "core.teamrelationtouser", "pk": 10, "fields": {"user": ["dilston@mail.ru"], "team": 2, "is_coach": false}}, {"model": "core.teamrelationtouser", "pk": 11, "fields": {"user": ["snezhananikandrova@gmail.com"], "team": 2, "is_coach": false}}, {"model": "core.teamrelationtouser", "pk": 12, "fields": {"user": ["karinashatoff@gmail.com"], "team": 2, "is_coach": false}}, {"model": "core.teamrelationtouser", "pk": 13, "fields": {"user": ["iw800@rambler.ru"], "team": 2, "is_coach": false}}, {"model": "core.teamrelationtouser", "pk": 14, "fields": {"user": ["artembutovych@gmail.com"], "team": 2, "is_coach": false}}, {"model": "core.teamrelationtouser", "pk": 16, "fields": {"user": ["myx17@rambler.ru"], "team": 2, "is_coach": false}}, {"model": "core.teamrelationtouser", "pk": 17, "fields": {"user": ["klimkomykola@gmail.com"], "team": 2, "is_coach": false}}, {"model": "core.teamrelationtouser", "pk": 18, "fields": {"user": ["maksim.vlasenko@gmail.com"], "team": 2, "is_coach": false}}, {"model": "core.teamrelationtouser", "pk": 19, "fields": {"user": ["vahha83@ukr.net"], "team": 2, "is_coach": false}}, {"model": "core.teamrelationtouser", "pk": 20, "fields": {"user": ["kadirovaolena@gmail.com"], "team": 2, "is_coach": false}}, {"model": "core.teamrelationtouser", "pk": 21, "fields": {"user": ["oleksijkireev@gmail.com"], "team": 2, "is_coach": false}}, {"model": "core.teamrelationtouser", "pk": 22, "fields": {"user": ["elmartienko@ukr.net"], "team": 15, "is_coach": true}}, {"model": "core.teamrelationtouser", "pk": 23, "fields": {"user": ["BalandinOleksiy@gmail.com"], "team": 15, "is_coach": false}}, {"model": "core.teamrelationtouser", "pk": 24, "fields": {"user": ["BidunNatalia@gmail.com"], "team": 15, "is_coach": false}}, {"model": "core.teamrelationtouser", "pk": 25, "fields": {"user": ["DmitrovSergey@gmail.com"], "team": 15, "is_coach": false}}, {"model": "core.teamrelationtouser", "pk": 26, "fields": {"user": ["MarikutTina@gmail.com"], "team": 15, "is_coach": false}}, {"model": "core.teamrelationtouser", "pk": 27, "fields": {"user": ["vmdocua@yahoo.com"], "team": 3, "is_coach": false}}, {"model": "core.teamrelationtouser", "pk": 28, "fields": {"user": ["SamoilenkoYevgen@gmail.com"], "team": 16, "is_coach": true}}, {"model": "core.teamrelationtouser", "pk": 29, "fields": {"user": ["ShkarlettAlexander@gmail.com"], "team": 17, "is_coach": true}}, {"model": "core.teamrelationtouser", "pk": 30, "fields": {"user": ["KRAFTPROFIL@ukr.net"], "team": 3, "is_coach": false}}, {"model": "core.teamrelationtouser", "pk": 31, "fields": {"user": ["Terrance McCracken@gmail.com"], "team": 2, "is_coach": false}}, {"model": "core.teamrelationtouser", "pk": 32, "fields": {"user": ["Junflower@i.ua"], "team": 2, "is_coach": false}}, {"model": "core.teamrelationtouser", "pk": 33, "fields": {"user": ["Verbickij12.11.1985@ukr.net"], "team": 2, "is_coach": false}}, {"model": "core.teamrelationtouser", "pk": 34, "fields": {"user": ["rusikbondarenko3@gmail.com"], "team": 2, "is_coach": false}}, {"model": "core.invitations", "pk": 1, "fields": {"from_user": ["maks.yakovenko@gmail.com"], "to_user": ["brilyakovsvetlana@gmail.com"], "team": 2, "is_active": false, "created_at": "2018-05-12T10:22:12.814Z"}}, {"model": "core.invitations", "pk": 2, "fields": {"from_user": ["maks.yakovenko@gmail.com"], "to_user": ["5555test55551@gmail.com"], "team": 2, "is_active": true, "created_at": "2018-05-12T10:34:20.975Z"}}, {"model": "core.invitations", "pk": 3, "fields": {"from_user": ["maks.yakovenko@gmail.com"], "to_user": ["styarko@gmail.com"], "team": 2, "is_active": false, "created_at": "2018-05-12T11:42:57.123Z"}}, {"model": "core.invitations", "pk": 4, "fields": {"from_user": ["maks.yakovenko@gmail.com"], "to_user": ["iw800@rambler.ru"], "team": 2, "is_active": true, "created_at": "2018-05-12T13:28:02.907Z"}}, {"model": "core.invitations", "pk": 5, "fields": {"from_user": ["maks.yakovenko@gmail.com"], "to_user": ["idenwinst@gmail.com"], "team": 2, "is_active": false, "created_at": "2018-05-12T13:49:00.104Z"}}, {"model": "core.invitations", "pk": 6, "fields": {"from_user": ["maks.yakovenko@gmail.com"], "to_user": ["negrebetsky.is@gmail.com"], "team": 2, "is_active": false, "created_at": "2018-05-12T21:00:13.532Z"}}, {"model": "core.invitations", "pk": 7, "fields": {"from_user": ["maks.yakovenko@gmail.com"], "to_user": ["svetlaja007@gmail.com"], "team": 2, "is_active": false, "created_at": "2018-05-13T14:38:19.272Z"}}, {"model": "core.invitations", "pk": 8, "fields": {"from_user": ["maks.yakovenko@gmail.com"], "to_user": ["artemrano@gmail.com"], "team": 2, "is_active": false, "created_at": "2018-05-13T16:32:43.943Z"}}, {"model": "core.invitations", "pk": 10, "fields": {"from_user": ["maks.yakovenko@gmail.com"], "to_user": ["snezhananikandrova@gmail.com"], "team": 2, "is_active": false, "created_at": "2018-05-15T09:02:49.398Z"}}, {"model": "core.invitations", "pk": 11, "fields": {"from_user": ["maks.yakovenko@gmail.com"], "to_user": ["dilston@mail.ru"], "team": 2, "is_active": false, "created_at": "2018-05-15T09:58:23.464Z"}}, {"model": "core.invitations", "pk": 12, "fields": {"from_user": ["maks.yakovenko@gmail.com"], "to_user": ["karinashatoff@gmail.com"], "team": 2, "is_active": true, "created_at": "2018-05-17T12:28:50Z"}}, {"model": "core.invitations", "pk": 13, "fields": {"from_user": ["maks.yakovenko@gmail.com"], "to_user": ["artembutovych@gmail.com"], "team": 2, "is_active": false, "created_at": "2018-05-18T14:47:47.841Z"}}, {"model": "core.invitations", "pk": 14, "fields": {"from_user": ["maks.yakovenko@gmail.com"], "to_user": ["myx17@rambler.ru"], "team": 2, "is_active": false, "created_at": "2018-05-21T14:03:13.984Z"}}, {"model": "core.invitations", "pk": 15, "fields": {"from_user": ["maks.yakovenko@gmail.com"], "to_user": ["klimkomykola@gmail.com"], "team": 2, "is_active": false, "created_at": "2018-05-21T19:49:58.014Z"}}, {"model": "core.invitations", "pk": 16, "fields": {"from_user": ["maks.yakovenko@gmail.com"], "to_user": ["maksim.vlasenko@gmail.com"], "team": 2, "is_active": true, "created_at": "2018-05-25T11:58:16.806Z"}}, {"model": "core.invitations", "pk": 17, "fields": {"from_user": ["maks.yakovenko@gmail.com"], "to_user": ["vahha83@ukr.net"], "team": 2, "is_active": true, "created_at": "2018-05-25T13:51:38.971Z"}}, {"model": "core.invitations", "pk": 18, "fields": {"from_user": ["maks.yakovenko@gmail.com"], "to_user": ["kadirovaolena@gmail.com"], "team": 2, "is_active": false, "created_at": "2018-05-25T17:16:45.251Z"}}, {"model": "core.invitations", "pk": 19, "fields": {"from_user": ["maks.yakovenko@gmail.com"], "to_user": ["oleksijkireev@gmail.com"], "team": 2, "is_active": false, "created_at": "2018-05-26T18:05:52.847Z"}}, {"model": "core.invitations", "pk": 20, "fields": {"from_user": ["elmartienko@ukr.net"], "to_user": ["BalandinOleksiy@gmail.com"], "team": 15, "is_active": false, "created_at": "2018-05-26T21:21:24.928Z"}}, {"model": "core.invitations", "pk": 21, "fields": {"from_user": ["elmartienko@ukr.net"], "to_user": ["BidunNatalia@gmail.com"], "team": 15, "is_active": false, "created_at": "2018-05-26T21:36:50.928Z"}}, {"model": "core.invitations", "pk": 22, "fields": {"from_user": ["elmartienko@ukr.net"], "to_user": ["DmitrovSergey@gmail.com"], "team": 15, "is_active": false, "created_at": "2018-05-26T21:36:59.491Z"}}, {"model": "core.invitations", "pk": 23, "fields": {"from_user": ["elmartienko@ukr.net"], "to_user": ["MarikutTina@gmail.com"], "team": 15, "is_active": false, "created_at": "2018-05-26T21:37:07.187Z"}}, {"model": "core.invitations", "pk": 24, "fields": {"from_user": ["sergei.drapkin@snaige.net"], "to_user": ["boykoviktor923@gmail.com"], "team": 3, "is_active": true, "created_at": "2018-05-27T19:58:06.651Z"}}, {"model": "core.invitations", "pk": 25, "fields": {"from_user": ["sergei.drapkin@snaige.net"], "to_user": ["vmdocua@yahoo.com"], "team": 3, "is_active": false, "created_at": "2018-05-27T19:59:37.431Z"}}, {"model": "core.invitations", "pk": 27, "fields": {"from_user": ["sergei.drapkin@snaige.net"], "to_user": ["KRAFTPROFIL@ukr.net"], "team": 3, "is_active": false, "created_at": "2018-05-30T13:32:11.721Z"}}, {"model": "core.invitations", "pk": 28, "fields": {"from_user": ["maks.yakovenko@gmail.com"], "to_user": ["Verbickij12.11.1985@ukr.net"], "team": 2, "is_active": true, "created_at": "2018-05-30T15:03:25.047Z"}}, {"model": "core.invitations", "pk": 29, "fields": {"from_user": ["maks.yakovenko@gmail.com"], "to_user": ["Junflower@i.ua"], "team": 2, "is_active": true, "created_at": "2018-05-30T15:03:34.178Z"}}, {"model": "core.invitations", "pk": 30, "fields": {"from_user": ["maks.yakovenko@gmail.com"], "to_user": ["Terrance McCracken@gmail.com"], "team": 2, "is_active": false, "created_at": "2018-05-30T21:00:53.105Z"}}, {"model": "core.competition", "pk": 1, "fields": {"name": "\u0412\u0406\u0414\u041a\u0420\u0418\u0422\u0410 \u041f\u0415\u0420\u0428\u0406\u0421\u0422\u042c \u041f\u041e\u041b\u0422\u0410\u0412\u0421\u042c\u041a\u041e\u0407 \u041e\u0411\u041b\u0410\u0421\u0422\u0406 \u0417 \u041f\u041b\u0410\u0412\u0410\u041d\u041d\u042f \u0421\u0415\u0420\u0415\u0414 \u0421\u041f\u041e\u0420\u0422\u0421\u041c\u0415\u041d\u0406\u0412 \u041a\u0410\u0422\u0415\u0413\u041e\u0420\u0406\u0407 \u00ab\u041c\u0410\u0421\u0422\u0415\u0420\u0421\u00bb", "count_days": 2, "pool_sizes": "50,25", "description": "\u0412\u0406\u0414\u041a\u0420\u0418\u0422\u0410 \u041f\u0415\u0420\u0428\u0406\u0421\u0422\u042c \u041f\u041e\u041b\u0422\u0410\u0412\u0421\u042c\u041a\u041e\u0407 \u041e\u0411\u041b\u0410\u0421\u0422\u0406 \u0417 \u041f\u041b\u0410\u0412\u0410\u041d\u041d\u042f \u0421\u0415\u0420\u0415\u0414 \u0421\u041f\u041e\u0420\u0422\u0421\u041c\u0415\u041d\u0406\u0412 \u041a\u0410\u0422\u0415\u0413\u041e\u0420\u0406\u0407 \u00ab\u041c\u0410\u0421\u0422\u0415\u0420\u0421\u00bb\r\n\r\n\r\n\u0417\u0430\u043f\u0440\u043e\u0448\u0443\u0454\u043c\u043e \u0432\u0441\u0456\u0445 \u0441\u043f\u043e\u0440\u0442\u0441\u043c\u0435\u043d\u0456\u0432 \u0456 \u043b\u044e\u0431\u0438\u0442\u0435\u043b\u0456\u0432 \u043f\u043b\u0430\u0432\u0430\u043d\u043d\u044f \u0434\u043e \u0441\u0442\u0430\u0440\u043e\u0434\u0430\u0432\u043d\u044c\u043e\u0433\u043e \u043c\u0456\u0441\u0442\u0430, \u0434\u0443\u0445\u043e\u0432\u043d\u043e\u0457 \u0441\u0442\u043e\u043b\u0438\u0446\u0456 \u0423\u043a\u0440\u0430\u0457\u043d\u0438, \u043c. \u041f\u043e\u043b\u0442\u0430\u0432\u0430, \u043d\u0430 \u0412\u0456\u0434\u043a\u0440\u0438\u0442\u0443 \u043f\u0435\u0440\u0448\u0456\u0441\u0442\u044c \u041f\u043e\u043b\u0442\u0430\u0432\u0441\u044c\u043a\u043e\u0457 \u043e\u0431\u043b\u0430\u0441\u0442\u0456 \u0437 \u043f\u043b\u0430\u0432\u0430\u043d\u043d\u044f \u0441\u0435\u0440\u0435\u0434 \u0441\u043f\u043e\u0440\u0442\u0441\u043c\u0435\u043d\u0456\u0432 \u043a\u0430\u0442\u0435\u0433\u043e\u0440\u0456\u0457 \u00ab\u041c\u0430\u0441\u0442\u0435\u0440\u0441\u00bb. \u0422\u0443\u0442 \u0432\u0438 \u043c\u043e\u0436\u0435\u0442\u0435 \u043e\u0437\u043d\u0430\u0439\u043e\u043c\u0438\u0442\u0438\u0441\u044f \u0437 \u0440\u0435\u0433\u043b\u0430\u043c\u0435\u043d\u0442\u043e\u043c \u0437\u043c\u0430\u0433\u0430\u043d\u044c.\r\n\r\n\u0414\u043e \u0443\u0447\u0430\u0441\u0442\u0456 \u0443 \u0437\u043c\u0430\u0433\u0430\u043d\u043d\u044f\u0445 \u0434\u043e\u043f\u0443\u0441\u043a\u0430\u044e\u0442\u044c\u0441\u044f \u0432\u0435\u0442\u0435\u0440\u0430\u043d\u0438 \u0442\u0430 \u043b\u044e\u0431\u0438\u0442\u0435\u043b\u0456 \u043f\u043b\u0430\u0432\u0430\u043d\u043d\u044f \u043d\u0435 \u043c\u043e\u043b\u043e\u0434\u0448\u0435 25 \u0440\u043e\u043a\u0456\u0432.\r\n\r\n\u0417\u043c\u0430\u0433\u0430\u043d\u043d\u044f \u043f\u0440\u043e\u0432\u043e\u0434\u044f\u0442\u044c\u0441\u044f \u0432 \u0434\u0432\u0430 \u0435\u0442\u0430\u043f\u0438: \r\n\r\n\u0406 \u0434\u0435\u043d\u044c \u2013 \u0434\u043e\u0432\u0433\u0430 \u0432\u043e\u0434\u0430; \r\n\u0406\u0406 \u0434\u0435\u043d\u044c \u2013 \u043a\u043e\u0440\u043e\u0442\u043a\u0430 \u0432\u043e\u0434\u0430. \u0414\u043e\u0437\u0432\u043e\u043b\u044f\u0454\u0442\u044c\u0441\u044f \u043f\u043b\u0438\u0441\u0442\u0438 \u043e\u0434\u043d\u0430\u043a\u043e\u0432\u0456 \u0434\u0438\u0441\u0442\u0430\u043d\u0446\u0456\u0457 \u0443 \u0440\u0456\u0437\u043d\u0456 \u0434\u043d\u0456.\r\n\r\n2 \u0447\u0435\u0440\u0432\u043d\u044f 2018 \u0440. (\u0441\u0443\u0431\u043e\u0442\u0430)\r\n\r\n11:00 \u2013 13:30 \u2013 \u0440\u0435\u0454\u0441\u0442\u0440\u0430\u0446\u0456\u044f \u0443\u0447\u0430\u0441\u043d\u0438\u043a\u0456\u0432\r\n14:00 \u2013 14:45 \u2013 \u0440\u043e\u0437\u043c\u0438\u043d\u043a\u0430\r\n15:00 \u2013 \u0441\u0442\u0430\u0440\u0442\r\n\r\n3 \u0447\u0435\u0440\u0432\u043d\u044f 2018 \u0440. (\u043d\u0435\u0434\u0456\u043b\u044f)\r\n\r\n09:00 \u2013 09:45 \u2013 \u0440\u043e\u0437\u043c\u0438\u043d\u043a\u0430\r\n10:00 \u2013 \u0441\u0442\u0430\u0440\u0442\r\n\r\n\u2013 \u0441\u0442\u0430\u0440\u0442\u043e\u0432\u0438\u0439 \u0432\u043d\u0435\u0441\u043e\u043a \u0437\u0430 \u0432\u0441\u0456 \u0434\u0438\u0441\u0442\u0430\u043d\u0446\u0456\u0457 \u2013 200 \u0433\u0440\u043d.; \r\n\u2013 \u0441\u0442\u0430\u0440\u0442\u043e\u0432\u0438\u0439 \u0432\u043d\u0435\u0441\u043e\u043a \u043a\u043e\u043c\u0430\u043d\u0434\u0438 \u0437\u0430 \u0435\u0441\u0442\u0430\u0444\u0435\u0442\u0443 \u2013 150 \u0433\u0440\u043d.; \r\n\r\n\u2013 \u0436\u0456\u043d\u043a\u0438 \u0432\u0456\u0434 65 \u0440\u043e\u043a\u0456\u0432 \u0442\u0430 \u0447\u043e\u043b\u043e\u0432\u0456\u043a\u0438 \u0432\u0456\u0434 70 \u0440\u043e\u043a\u0456\u0432 \u0437\u0432\u0456\u043b\u044c\u043d\u044f\u044e\u0442\u044c\u0441\u044f \u0432\u0456\u0434 \u0441\u043f\u043b\u0430\u0442\u0438 \u0441\u0442\u0430\u0440\u0442\u043e\u0432\u043e\u0433\u043e \u0432\u043d\u0435\u0441\u043a\u0443.\r\n\r\n\r\n\u0417\u0430 \u0434\u0435\u0442\u0430\u043b\u044c\u043d\u043e\u044e \u0456\u043d\u0444\u043e\u0440\u043c\u0430\u0446\u0456\u0454\u044e \u0437\u0432\u0435\u0440\u0442\u0430\u0439\u0442\u0435\u0441\u044c: (097)-643-61-56, (050)-131-16-23", "logo": "competitions/logos/2018-05-10_001950-user_3.png", "region": "ukraine", "track_count": 4, "is_creating_finished": true, "is_register_finished": true, "started_at": "2018-06-02", "created_at": "2018-05-09T21:27:31Z", "created_by": ["admin@admin.com"]}}, {"model": "core.competitionuser", "pk": 29, "fields": {"competition": 1, "user": ["artemrano@gmail.com"], "created_at": "2018-05-13T17:04:19.378Z", "is_complete": true}}, {"model": "core.competitionuser", "pk": 33, "fields": {"competition": 1, "user": ["buch197850@gmail.com"], "created_at": "2018-05-14T07:53:29.717Z", "is_complete": true}}, {"model": "core.competitionuser", "pk": 35, "fields": {"competition": 1, "user": ["svetlaja007@gmail.com"], "created_at": "2018-05-15T13:25:22.134Z", "is_complete": true}}, {"model": "core.competitionuser", "pk": 39, "fields": {"competition": 1, "user": ["yaremastudio@gmail.com"], "created_at": "2018-05-20T12:00:17.473Z", "is_complete": true}}, {"model": "core.competitionuser", "pk": 42, "fields": {"competition": 1, "user": ["brilyakovsvetlana@gmail.com"], "created_at": "2018-05-21T17:51:47.922Z", "is_complete": true}}, {"model": "core.competitionuser", "pk": 43, "fields": {"competition": 1, "user": ["klimkomykola@gmail.com"], "created_at": "2018-05-21T19:53:50.619Z", "is_complete": true}}, {"model": "core.competitionuser", "pk": 45, "fields": {"competition": 1, "user": ["negrebetsky.is@gmail.com"], "created_at": "2018-05-21T20:01:03.411Z", "is_complete": true}}, {"model": "core.competitionuser", "pk": 46, "fields": {"competition": 1, "user": ["dilston@mail.ru"], "created_at": "2018-05-21T21:28:24Z", "is_complete": true}}, {"model": "core.competitionuser", "pk": 47, "fields": {"competition": 1, "user": ["snezhananikandrova@gmail.com"], "created_at": "2018-05-21T21:39:18Z", "is_complete": true}}, {"model": "core.competitionuser", "pk": 48, "fields": {"competition": 1, "user": ["artembutovych@gmail.com"], "created_at": "2018-05-21T21:44:16Z", "is_complete": true}}, {"model": "core.competitionuser", "pk": 49, "fields": {"competition": 1, "user": ["idenwinst@gmail.com"], "created_at": "2018-05-22T06:18:24Z", "is_complete": true}}, {"model": "core.competitionuser", "pk": 50, "fields": {"competition": 1, "user": ["myx17@rambler.ru"], "created_at": "2018-05-22T06:41:38Z", "is_complete": true}}, {"model": "core.competitionuser", "pk": 51, "fields": {"competition": 1, "user": ["styarko@gmail.com"], "created_at": "2018-05-22T10:43:00Z", "is_complete": true}}, {"model": "core.competitionuser", "pk": 52, "fields": {"competition": 1, "user": ["iw800@rambler.ru"], "created_at": "2018-05-22T18:25:29Z", "is_complete": true}}, {"model": "core.competitionuser", "pk": 53, "fields": {"competition": 1, "user": ["maks.yakovenko@gmail.com"], "created_at": "2018-05-22T19:02:51Z", "is_complete": true}}, {"model": "core.competitionuser", "pk": 54, "fields": {"competition": 1, "user": ["victorivanov1803@gmail.com"], "created_at": "2018-05-23T07:33:57.036Z", "is_complete": true}}, {"model": "core.competitionuser", "pk": 55, "fields": {"competition": 1, "user": ["borovikov.s@gmail.com"], "created_at": "2018-05-24T20:11:55.612Z", "is_complete": true}}, {"model": "core.competitionuser", "pk": 56, "fields": {"competition": 1, "user": ["korol_volodymyr@ukr.net"], "created_at": "2018-05-24T20:38:15Z", "is_complete": true}}, {"model": "core.competitionuser", "pk": 58, "fields": {"competition": 1, "user": ["maksim.vlasenko@gmail.com"], "created_at": "2018-05-25T13:13:20Z", "is_complete": true}}, {"model": "core.competitionuser", "pk": 59, "fields": {"competition": 1, "user": ["vmdocua@yahoo.com"], "created_at": "2018-05-25T14:03:07.401Z", "is_complete": true}}, {"model": "core.competitionuser", "pk": 60, "fields": {"competition": 1, "user": ["valpetryn@gmail.com"], "created_at": "2018-05-25T16:18:22.994Z", "is_complete": true}}, {"model": "core.competitionuser", "pk": 61, "fields": {"competition": 1, "user": ["kadirovaolena@gmail.com"], "created_at": "2018-05-25T17:20:09Z", "is_complete": true}}, {"model": "core.competitionuser", "pk": 62, "fields": {"competition": 1, "user": ["matkovskyjuriy@gmail.com"], "created_at": "2018-05-25T17:33:16.935Z", "is_complete": true}}, {"model": "core.competitionuser", "pk": 63, "fields": {"competition": 1, "user": ["tupitsyayuriy@gmail.com"], "created_at": "2018-05-25T17:45:51.953Z", "is_complete": true}}, {"model": "core.competitionuser", "pk": 64, "fields": {"competition": 1, "user": ["boykoviktor923@gmail.com"], "created_at": "2018-05-25T17:55:01.068Z", "is_complete": true}}, {"model": "core.competitionuser", "pk": 65, "fields": {"competition": 1, "user": ["dardik@ua.fm"], "created_at": "2018-05-25T18:34:03Z", "is_complete": true}}, {"model": "core.competitionuser", "pk": 66, "fields": {"competition": 1, "user": ["karinashatoff@gmail.com"], "created_at": "2018-05-25T18:53:18Z", "is_complete": true}}, {"model": "core.competitionuser", "pk": 67, "fields": {"competition": 1, "user": ["pavelbu89@gmail.com"], "created_at": "2018-05-26T13:15:53.172Z", "is_complete": true}}, {"model": "core.competitionuser", "pk": 70, "fields": {"competition": 1, "user": ["oleksijkireev@gmail.com"], "created_at": "2018-05-26T18:29:59Z", "is_complete": true}}, {"model": "core.competitionuser", "pk": 71, "fields": {"competition": 1, "user": ["elmartienko@ukr.net"], "created_at": "2018-05-26T21:19:05.304Z", "is_complete": true}}, {"model": "core.competitionuser", "pk": 72, "fields": {"competition": 1, "user": ["BalandinOleksiy@gmail.com"], "created_at": "2018-05-26T21:27:54.753Z", "is_complete": true}}, {"model": "core.competitionuser", "pk": 73, "fields": {"competition": 1, "user": ["BidunNatalia@gmail.com"], "created_at": "2018-05-26T21:30:19.574Z", "is_complete": true}}, {"model": "core.competitionuser", "pk": 74, "fields": {"competition": 1, "user": ["DmitrovSergey@gmail.com"], "created_at": "2018-05-26T21:33:04.444Z", "is_complete": true}}, {"model": "core.competitionuser", "pk": 75, "fields": {"competition": 1, "user": ["MarikutTina@gmail.com"], "created_at": "2018-05-26T21:35:24.977Z", "is_complete": true}}, {"model": "core.competitionuser", "pk": 76, "fields": {"competition": 1, "user": ["ZhornikVladimir@gmail.com"], "created_at": "2018-05-27T09:52:03.394Z", "is_complete": true}}, {"model": "core.competitionuser", "pk": 79, "fields": {"competition": 1, "user": ["PechenyukVladimir@gmail.com"], "created_at": "2018-05-27T12:59:20.249Z", "is_complete": true}}, {"model": "core.competitionuser", "pk": 80, "fields": {"competition": 1, "user": ["EpishchenkoSergey@gmail.com"], "created_at": "2018-05-27T13:03:02.910Z", "is_complete": true}}, {"model": "core.competitionuser", "pk": 81, "fields": {"competition": 1, "user": ["VedernikovVladislav@gmail.com"], "created_at": "2018-05-27T13:06:32.756Z", "is_complete": true}}, {"model": "core.competitionuser", "pk": 82, "fields": {"competition": 1, "user": ["DrigolaGennady@gmail.com"], "created_at": "2018-05-27T13:10:20.629Z", "is_complete": true}}, {"model": "core.competitionuser", "pk": 83, "fields": {"competition": 1, "user": ["bog-ksu@bigmir.net"], "created_at": "2018-05-27T19:03:27.549Z", "is_complete": true}}, {"model": "core.competitionuser", "pk": 84, "fields": {"competition": 1, "user": ["vahha83@ukr.net"], "created_at": "2018-05-29T08:44:04Z", "is_complete": true}}, {"model": "core.competitionuser", "pk": 85, "fields": {"competition": 1, "user": ["YaremchukMaria@gmail.com"], "created_at": "2018-05-29T13:50:06.081Z", "is_complete": true}}, {"model": "core.competitionuser", "pk": 86, "fields": {"competition": 1, "user": ["VvedenskyRostislav@gmail.com"], "created_at": "2018-05-29T14:05:41.621Z", "is_complete": true}}, {"model": "core.competitionuser", "pk": 87, "fields": {"competition": 1, "user": ["DechtiarenkoMikhailo@gmail.com"], "created_at": "2018-05-29T14:14:53.822Z", "is_complete": true}}, {"model": "core.competitionuser", "pk": 88, "fields": {"competition": 1, "user": ["SadovskyVadim@gmail.com"], "created_at": "2018-05-29T14:21:25.061Z", "is_complete": true}}, {"model": "core.competitionuser", "pk": 89, "fields": {"competition": 1, "user": ["ChalovAndrey@gmail.com"], "created_at": "2018-05-29T14:33:56.197Z", "is_complete": true}}, {"model": "core.competitionuser", "pk": 90, "fields": {"competition": 1, "user": ["VolodymyrVorzheinov@gmail.com"], "created_at": "2018-05-29T14:47:50.815Z", "is_complete": true}}, {"model": "core.competitionuser", "pk": 93, "fields": {"competition": 1, "user": ["lazymail@i.ua"], "created_at": "2018-05-29T15:36:19Z", "is_complete": true}}, {"model": "core.competitionuser", "pk": 94, "fields": {"competition": 1, "user": ["PonomaryovMikhailo@gmail.com"], "created_at": "2018-05-29T15:40:08.929Z", "is_complete": true}}, {"model": "core.competitionuser", "pk": 95, "fields": {"competition": 1, "user": ["AndriyChubatyuk@gmail.com"], "created_at": "2018-05-29T15:56:36Z", "is_complete": true}}, {"model": "core.competitionuser", "pk": 96, "fields": {"competition": 1, "user": ["ShkarlettAlexander@gmail.com"], "created_at": "2018-05-29T16:11:03.421Z", "is_complete": true}}, {"model": "core.competitionuser", "pk": 97, "fields": {"competition": 1, "user": ["MurashkoValery@gmail.com"], "created_at": "2018-05-29T16:16:41.537Z", "is_complete": true}}, {"model": "core.competitionuser", "pk": 98, "fields": {"competition": 1, "user": ["BocharovVladimir@gmail.com"], "created_at": "2018-05-29T16:21:15.965Z", "is_complete": true}}, {"model": "core.competitionuser", "pk": 99, "fields": {"competition": 1, "user": ["PergamonovSergey@gmail.com"], "created_at": "2018-05-29T16:27:12.253Z", "is_complete": true}}, {"model": "core.competitionuser", "pk": 100, "fields": {"competition": 1, "user": ["IvanovYuriy@gmail.com"], "created_at": "2018-05-29T20:40:10.009Z", "is_complete": true}}, {"model": "core.competitionuser", "pk": 101, "fields": {"competition": 1, "user": ["Verbickij12.11.1985@ukr.net"], "created_at": "2018-05-29T20:54:04.946Z", "is_complete": true}}, {"model": "core.competitionuser", "pk": 102, "fields": {"competition": 1, "user": ["Junflower@i.ua"], "created_at": "2018-05-29T22:58:41.343Z", "is_complete": true}}, {"model": "core.competitionuser", "pk": 103, "fields": {"competition": 1, "user": ["Terrance McCracken@gmail.com"], "created_at": "2018-05-30T15:00:25.825Z", "is_complete": true}}, {"model": "core.competitionuser", "pk": 104, "fields": {"competition": 1, "user": ["ElenaLindholt@gmail.com"], "created_at": "2018-05-30T21:22:20.239Z", "is_complete": true}}, {"model": "core.competitionuser", "pk": 105, "fields": {"competition": 1, "user": ["KRAFTPROFIL@ukr.net"], "created_at": "2018-05-31T05:53:26Z", "is_complete": true}}, {"model": "core.competitionuser", "pk": 106, "fields": {"competition": 1, "user": ["sasha.maschenko@gmail.com"], "created_at": "2018-05-31T22:43:59.216Z", "is_complete": true}}, {"model": "core.competitionuser", "pk": 107, "fields": {"competition": 1, "user": ["RasskazovaOlga@gmail.com"], "created_at": "2018-06-01T07:38:39.169Z", "is_complete": true}}, {"model": "core.competitionuser", "pk": 108, "fields": {"competition": 1, "user": ["ArtemenkoAlexey@gmail.com"], "created_at": "2018-06-01T07:43:19.522Z", "is_complete": true}}, {"model": "core.competitionuser", "pk": 109, "fields": {"competition": 1, "user": ["TrofimetsDmitry@gmail.com"], "created_at": "2018-06-01T07:48:04.083Z", "is_complete": true}}, {"model": "core.competitionuser", "pk": 110, "fields": {"competition": 1, "user": ["sergei.drapkin@snaige.net"], "created_at": "2018-06-01T07:56:37Z", "is_complete": true}}, {"model": "core.competitionuser", "pk": 111, "fields": {"competition": 1, "user": ["rusikbondarenko3@gmail.com"], "created_at": "2018-06-01T07:58:51Z", "is_complete": true}}, {"model": "core.competitionuser", "pk": 112, "fields": {"competition": 1, "user": ["KovalchukSergey@gmail.com"], "created_at": "2018-06-01T12:04:26.524Z", "is_complete": true}}, {"model": "core.competitionuser", "pk": 113, "fields": {"competition": 1, "user": ["PertsyukhOleksandr@gmail.com"], "created_at": "2018-06-01T12:15:06.005Z", "is_complete": true}}, {"model": "core.competitionuser", "pk": 114, "fields": {"competition": 1, "user": ["StahnuhinVasil@gmail.com"], "created_at": "2018-06-01T12:27:30.974Z", "is_complete": true}}, {"model": "core.competitionuser", "pk": 115, "fields": {"competition": 1, "user": ["Innysapoltava@mail.ru"], "created_at": "2018-06-01T12:41:41.098Z", "is_complete": true}}, {"model": "core.competitionuser", "pk": 116, "fields": {"competition": 1, "user": ["kartalyev@gmail"], "created_at": "2018-06-01T13:14:36.259Z", "is_complete": true}}, {"model": "core.competitionuser", "pk": 117, "fields": {"competition": 1, "user": ["NikosiDmitry@gmail.com"], "created_at": "2018-06-01T16:04:46.654Z", "is_complete": true}}, {"model": "core.competitionuser", "pk": 118, "fields": {"competition": 1, "user": ["andremagnat@ukr.net"], "created_at": "2018-06-01T19:00:16.912Z", "is_complete": true}}, {"model": "core.competitionuser", "pk": 119, "fields": {"competition": 1, "user": ["porovaj-dima@ukr.net"], "created_at": "2018-06-01T19:25:51Z", "is_complete": true}}, {"model": "core.competitionuser", "pk": 120, "fields": {"competition": 1, "user": ["hfhfhfhfh@gmail.com"], "created_at": "2018-06-02T08:32:24.627Z", "is_complete": true}}, {"model": "core.competitionuser", "pk": 121, "fields": {"competition": 1, "user": ["Rybalka_vasiliy_kremen@gmail.com"], "created_at": "2018-06-02T09:08:41.822Z", "is_complete": true}}, {"model": "core.competitionuser", "pk": 122, "fields": {"competition": 1, "user": ["korshikov_andrii_polt@gmail.com"], "created_at": "2018-06-02T09:37:44.240Z", "is_complete": true}}, {"model": "core.competitionuser", "pk": 123, "fields": {"competition": 1, "user": ["krot_stas_chern@gmail.com"], "created_at": "2018-06-02T10:05:04.487Z", "is_complete": true}}, {"model": "core.competitionuser", "pk": 124, "fields": {"competition": 1, "user": ["gula_roman_polt@gmail.com"], "created_at": "2018-06-02T10:37:17.641Z", "is_complete": true}}, {"model": "core.competitionuser", "pk": 125, "fields": {"competition": 1, "user": ["vanda_viktor@gmail.com"], "created_at": "2018-06-02T17:39:53.753Z", "is_complete": true}}, {"model": "core.competitionteam", "pk": 5, "fields": {"competition": 1, "team": 2, "created_at": "2018-05-22T10:43:19Z", "is_complete": true}}, {"model": "core.competitionteam", "pk": 7, "fields": {"competition": 1, "team": 15, "created_at": "2018-05-26T21:39:29Z", "is_complete": true}}, {"model": "core.competitionteam", "pk": 8, "fields": {"competition": 1, "team": 16, "created_at": "2018-05-29T17:08:22Z", "is_complete": true}}, {"model": "core.competitionteam", "pk": 9, "fields": {"competition": 1, "team": 17, "created_at": "2018-05-29T17:08:29Z", "is_complete": true}}, {"model": "core.competitionteam", "pk": 10, "fields": {"competition": 1, "team": 16, "created_at": "2018-06-01T18:53:07.140Z", "is_complete": true}}, {"model": "core.distance", "pk": 1, "fields": {"competition": 1, "type": 5, "length": 200, "day": 1}}, {"model": "core.distance", "pk": 2, "fields": {"competition": 1, "type": 2, "length": 100, "day": 1}}, {"model": "core.distance", "pk": 3, "fields": {"competition": 1, "type": 4, "length": 100, "day": 1}}, {"model": "core.distance", "pk": 4, "fields": {"competition": 1, "type": 1, "length": 50, "day": 1}}, {"model": "core.distance", "pk": 5, "fields": {"competition": 1, "type": 3, "length": 100, "day": 1}}, {"model": "core.distance", "pk": 6, "fields": {"competition": 1, "type": 2, "length": 50, "day": 1}}, {"model": "core.distance", "pk": 7, "fields": {"competition": 1, "type": 4, "length": 50, "day": 1}}, {"model": "core.distance", "pk": 8, "fields": {"competition": 1, "type": 1, "length": 100, "day": 1}}, {"model": "core.distance", "pk": 9, "fields": {"competition": 1, "type": 3, "length": 50, "day": 1}}, {"model": "core.distance", "pk": 10, "fields": {"competition": 1, "type": 5, "length": 100, "day": 2}}, {"model": "core.distance", "pk": 11, "fields": {"competition": 1, "type": 2, "length": 100, "day": 2}}, {"model": "core.distance", "pk": 12, "fields": {"competition": 1, "type": 4, "length": 100, "day": 2}}, {"model": "core.distance", "pk": 13, "fields": {"competition": 1, "type": 1, "length": 50, "day": 2}}, {"model": "core.distance", "pk": 14, "fields": {"competition": 1, "type": 3, "length": 100, "day": 2}}, {"model": "core.distance", "pk": 15, "fields": {"competition": 1, "type": 2, "length": 50, "day": 2}}, {"model": "core.distance", "pk": 16, "fields": {"competition": 1, "type": 4, "length": 50, "day": 2}}, {"model": "core.distance", "pk": 17, "fields": {"competition": 1, "type": 1, "length": 100, "day": 2}}, {"model": "core.distance", "pk": 18, "fields": {"competition": 1, "type": 3, "length": 50, "day": 2}}, {"model": "core.userdistance", "pk": 127, "fields": {"user": ["artemrano@gmail.com"], "distance": 4, "pre_time": 3200, "result_time": "00:31.69", "is_finished": true, "points": 420}}, {"model": "core.userdistance", "pk": 128, "fields": {"user": ["artemrano@gmail.com"], "distance": 7, "pre_time": 4100, "result_time": "00:39.37", "is_finished": true, "points": 414}}, {"model": "core.userdistance", "pk": 129, "fields": {"user": ["artemrano@gmail.com"], "distance": 15, "pre_time": 4500, "result_time": null, "is_finished": true, "points": null}}, {"model": "core.userdistance", "pk": 137, "fields": {"user": ["buch197850@gmail.com"], "distance": 3, "pre_time": 7700, "result_time": "01:19.41", "is_finished": true, "points": 563}}, {"model": "core.userdistance", "pk": 138, "fields": {"user": ["buch197850@gmail.com"], "distance": 7, "pre_time": 3300, "result_time": "00:33.22", "is_finished": true, "points": 690}}, {"model": "core.userdistance", "pk": 139, "fields": {"user": ["buch197850@gmail.com"], "distance": 12, "pre_time": 7400, "result_time": null, "is_finished": true, "points": null}}, {"model": "core.userdistance", "pk": 140, "fields": {"user": ["buch197850@gmail.com"], "distance": 17, "pre_time": 6100, "result_time": null, "is_finished": true, "points": null}}, {"model": "core.userdistance", "pk": 141, "fields": {"user": ["svetlaja007@gmail.com"], "distance": 3, "pre_time": 10000, "result_time": "01:41.22", "is_finished": true, "points": 379}}, {"model": "core.userdistance", "pk": 142, "fields": {"user": ["svetlaja007@gmail.com"], "distance": 4, "pre_time": 3500, "result_time": "00:35.42", "is_finished": true, "points": 404}}, {"model": "core.userdistance", "pk": 143, "fields": {"user": ["svetlaja007@gmail.com"], "distance": 7, "pre_time": 4500, "result_time": "00:45.15", "is_finished": true, "points": 392}}, {"model": "core.userdistance", "pk": 144, "fields": {"user": ["svetlaja007@gmail.com"], "distance": 8, "pre_time": 8000, "result_time": "01:22.99", "is_finished": true, "points": 332}}, {"model": "core.userdistance", "pk": 145, "fields": {"user": ["svetlaja007@gmail.com"], "distance": 10, "pre_time": 9500, "result_time": null, "is_finished": true, "points": null}}, {"model": "core.userdistance", "pk": 146, "fields": {"user": ["svetlaja007@gmail.com"], "distance": 12, "pre_time": 9800, "result_time": null, "is_finished": true, "points": null}}, {"model": "core.userdistance", "pk": 147, "fields": {"user": ["svetlaja007@gmail.com"], "distance": 13, "pre_time": 3400, "result_time": null, "is_finished": true, "points": null}}, {"model": "core.userdistance", "pk": 148, "fields": {"user": ["svetlaja007@gmail.com"], "distance": 16, "pre_time": 4400, "result_time": null, "is_finished": true, "points": null}}, {"model": "core.userdistance", "pk": 161, "fields": {"user": ["yaremastudio@gmail.com"], "distance": 4, "pre_time": 2950, "result_time": "00:40.28", "is_finished": true, "points": 196}}, {"model": "core.userdistance", "pk": 162, "fields": {"user": ["yaremastudio@gmail.com"], "distance": 13, "pre_time": 2950, "result_time": null, "is_finished": true, "points": null}}, {"model": "core.userdistance", "pk": 167, "fields": {"user": ["brilyakovsvetlana@gmail.com"], "distance": 5, "pre_time": 11600, "result_time": "01:55.83", "is_finished": true, "points": 318}}, {"model": "core.userdistance", "pk": 168, "fields": {"user": ["brilyakovsvetlana@gmail.com"], "distance": 9, "pre_time": 5013, "result_time": "00:49.48", "is_finished": true, "points": 396}}, {"model": "core.userdistance", "pk": 169, "fields": {"user": ["brilyakovsvetlana@gmail.com"], "distance": 10, "pre_time": 11200, "result_time": null, "is_finished": true, "points": null}}, {"model": "core.userdistance", "pk": 170, "fields": {"user": ["brilyakovsvetlana@gmail.com"], "distance": 18, "pre_time": 5013, "result_time": null, "is_finished": true, "points": null}}, {"model": "core.userdistance", "pk": 171, "fields": {"user": ["klimkomykola@gmail.com"], "distance": 5, "pre_time": 8700, "result_time": "01:24.36", "is_finished": true, "points": 575}}, {"model": "core.userdistance", "pk": 172, "fields": {"user": ["klimkomykola@gmail.com"], "distance": 9, "pre_time": 3700, "result_time": "00:36.53", "is_finished": true, "points": 662}}, {"model": "core.userdistance", "pk": 173, "fields": {"user": ["klimkomykola@gmail.com"], "distance": 14, "pre_time": 8500, "result_time": null, "is_finished": true, "points": null}}, {"model": "core.userdistance", "pk": 174, "fields": {"user": ["klimkomykola@gmail.com"], "distance": 18, "pre_time": 3500, "result_time": null, "is_finished": true, "points": null}}, {"model": "core.userdistance", "pk": 179, "fields": {"user": ["negrebetsky.is@gmail.com"], "distance": 1, "pre_time": 17000, "result_time": "02:46.32", "is_finished": true, "points": 546}}, {"model": "core.userdistance", "pk": 180, "fields": {"user": ["negrebetsky.is@gmail.com"], "distance": 3, "pre_time": 8221, "result_time": "01:23.32", "is_finished": true, "points": 520}}, {"model": "core.userdistance", "pk": 181, "fields": {"user": ["negrebetsky.is@gmail.com"], "distance": 10, "pre_time": 7200, "result_time": null, "is_finished": true, "points": null}}, {"model": "core.userdistance", "pk": 182, "fields": {"user": ["negrebetsky.is@gmail.com"], "distance": 12, "pre_time": 8221, "result_time": null, "is_finished": true, "points": null}}, {"model": "core.userdistance", "pk": 184, "fields": {"user": ["dilston@mail.ru"], "distance": 4, "pre_time": 2650, "result_time": "00:25.50", "is_finished": true, "points": 740}}, {"model": "core.userdistance", "pk": 185, "fields": {"user": ["dilston@mail.ru"], "distance": 6, "pre_time": 2900, "result_time": "", "is_finished": true, "points": 0}}, {"model": "core.userdistance", "pk": 186, "fields": {"user": ["dilston@mail.ru"], "distance": 9, "pre_time": 3000, "result_time": "00:29.29", "is_finished": true, "points": 722}}, {"model": "core.userdistance", "pk": 187, "fields": {"user": ["dilston@mail.ru"], "distance": 10, "pre_time": 6500, "result_time": null, "is_finished": true, "points": null}}, {"model": "core.userdistance", "pk": 188, "fields": {"user": ["dilston@mail.ru"], "distance": 13, "pre_time": 2600, "result_time": null, "is_finished": true, "points": null}}, {"model": "core.userdistance", "pk": 189, "fields": {"user": ["dilston@mail.ru"], "distance": 18, "pre_time": 2950, "result_time": null, "is_finished": true, "points": null}}, {"model": "core.userdistance", "pk": 190, "fields": {"user": ["snezhananikandrova@gmail.com"], "distance": 4, "pre_time": 3350, "result_time": "00:32.07", "is_finished": true, "points": 545}}, {"model": "core.userdistance", "pk": 191, "fields": {"user": ["snezhananikandrova@gmail.com"], "distance": 8, "pre_time": 7200, "result_time": "01:10.77", "is_finished": true, "points": 536}}, {"model": "core.userdistance", "pk": 192, "fields": {"user": ["snezhananikandrova@gmail.com"], "distance": 13, "pre_time": 3350, "result_time": null, "is_finished": true, "points": null}}, {"model": "core.userdistance", "pk": 193, "fields": {"user": ["snezhananikandrova@gmail.com"], "distance": 17, "pre_time": 7200, "result_time": null, "is_finished": true, "points": null}}, {"model": "core.userdistance", "pk": 194, "fields": {"user": ["artembutovych@gmail.com"], "distance": 4, "pre_time": 2750, "result_time": "00:27.63", "is_finished": true, "points": 581}}, {"model": "core.userdistance", "pk": 195, "fields": {"user": ["artembutovych@gmail.com"], "distance": 8, "pre_time": 6300, "result_time": "01:02.81", "is_finished": true, "points": 537}}, {"model": "core.userdistance", "pk": 196, "fields": {"user": ["artembutovych@gmail.com"], "distance": 10, "pre_time": 7000, "result_time": null, "is_finished": true, "points": null}}, {"model": "core.userdistance", "pk": 197, "fields": {"user": ["artembutovych@gmail.com"], "distance": 13, "pre_time": 2750, "result_time": null, "is_finished": true, "points": null}}, {"model": "core.userdistance", "pk": 198, "fields": {"user": ["idenwinst@gmail.com"], "distance": 1, "pre_time": 17000, "result_time": "02:49.13", "is_finished": true, "points": 469}}, {"model": "core.userdistance", "pk": 199, "fields": {"user": ["idenwinst@gmail.com"], "distance": 5, "pre_time": 7500, "result_time": "01:13.82", "is_finished": true, "points": 523}}, {"model": "core.userdistance", "pk": 200, "fields": {"user": ["idenwinst@gmail.com"], "distance": 9, "pre_time": 3350, "result_time": "00:32.90", "is_finished": true, "points": 567}}, {"model": "core.userdistance", "pk": 201, "fields": {"user": ["idenwinst@gmail.com"], "distance": 10, "pre_time": 7500, "result_time": null, "is_finished": true, "points": null}}, {"model": "core.userdistance", "pk": 202, "fields": {"user": ["idenwinst@gmail.com"], "distance": 14, "pre_time": 7300, "result_time": null, "is_finished": true, "points": null}}, {"model": "core.userdistance", "pk": 203, "fields": {"user": ["idenwinst@gmail.com"], "distance": 18, "pre_time": 3200, "result_time": null, "is_finished": true, "points": null}}, {"model": "core.userdistance", "pk": 204, "fields": {"user": ["myx17@rambler.ru"], "distance": 7, "pre_time": 3250, "result_time": "00:32.59", "is_finished": true, "points": 710}}, {"model": "core.userdistance", "pk": 205, "fields": {"user": ["myx17@rambler.ru"], "distance": 10, "pre_time": 6400, "result_time": null, "is_finished": true, "points": null}}, {"model": "core.userdistance", "pk": 206, "fields": {"user": ["myx17@rambler.ru"], "distance": 16, "pre_time": 3200, "result_time": null, "is_finished": true, "points": null}}, {"model": "core.userdistance", "pk": 207, "fields": {"user": ["styarko@gmail.com"], "distance": 1, "pre_time": 18300, "result_time": "03:06.71", "is_finished": true, "points": 348}}, {"model": "core.userdistance", "pk": 208, "fields": {"user": ["styarko@gmail.com"], "distance": 4, "pre_time": 3150, "result_time": "00:31.72", "is_finished": true, "points": 401}}, {"model": "core.userdistance", "pk": 210, "fields": {"user": ["styarko@gmail.com"], "distance": 10, "pre_time": 8100, "result_time": null, "is_finished": true, "points": null}}, {"model": "core.userdistance", "pk": 211, "fields": {"user": ["styarko@gmail.com"], "distance": 13, "pre_time": 3050, "result_time": null, "is_finished": true, "points": null}}, {"model": "core.userdistance", "pk": 212, "fields": {"user": ["styarko@gmail.com"], "distance": 16, "pre_time": 3800, "result_time": null, "is_finished": true, "points": null}}, {"model": "core.userdistance", "pk": 213, "fields": {"user": ["iw800@rambler.ru"], "distance": 2, "pre_time": 7000, "result_time": "01:11.00", "is_finished": true, "points": 489}}, {"model": "core.userdistance", "pk": 214, "fields": {"user": ["iw800@rambler.ru"], "distance": 7, "pre_time": 3500, "result_time": "00:35.91", "is_finished": true, "points": 531}}, {"model": "core.userdistance", "pk": 215, "fields": {"user": ["iw800@rambler.ru"], "distance": 10, "pre_time": 6800, "result_time": null, "is_finished": true, "points": null}}, {"model": "core.userdistance", "pk": 216, "fields": {"user": ["iw800@rambler.ru"], "distance": 12, "pre_time": 7800, "result_time": null, "is_finished": true, "points": null}}, {"model": "core.userdistance", "pk": 217, "fields": {"user": ["iw800@rambler.ru"], "distance": 15, "pre_time": 2950, "result_time": null, "is_finished": true, "points": null}}, {"model": "core.userdistance", "pk": 218, "fields": {"user": ["maks.yakovenko@gmail.com"], "distance": 1, "pre_time": 16000, "result_time": "02:43.18", "is_finished": true, "points": 522}}, {"model": "core.userdistance", "pk": 219, "fields": {"user": ["maks.yakovenko@gmail.com"], "distance": 3, "pre_time": 7800, "result_time": "01:24.10", "is_finished": true, "points": 466}}, {"model": "core.userdistance", "pk": 220, "fields": {"user": ["maks.yakovenko@gmail.com"], "distance": 10, "pre_time": 6800, "result_time": null, "is_finished": true, "points": null}}, {"model": "core.userdistance", "pk": 221, "fields": {"user": ["maks.yakovenko@gmail.com"], "distance": 12, "pre_time": 7700, "result_time": null, "is_finished": true, "points": null}}, {"model": "core.userdistance", "pk": 222, "fields": {"user": ["victorivanov1803@gmail.com"], "distance": 6, "pre_time": 3150, "result_time": "00:31.50", "is_finished": true, "points": 472}}, {"model": "core.userdistance", "pk": 223, "fields": {"user": ["victorivanov1803@gmail.com"], "distance": 15, "pre_time": 3150, "result_time": null, "is_finished": true, "points": null}}, {"model": "core.userdistance", "pk": 230, "fields": {"user": ["borovikov.s@gmail.com"], "distance": 12, "pre_time": 7800, "result_time": null, "is_finished": true, "points": null}}, {"model": "core.userdistance", "pk": 231, "fields": {"user": ["borovikov.s@gmail.com"], "distance": 16, "pre_time": 3400, "result_time": null, "is_finished": true, "points": null}}, {"model": "core.userdistance", "pk": 232, "fields": {"user": ["korol_volodymyr@ukr.net"], "distance": 4, "pre_time": 2600, "result_time": "00:26.23", "is_finished": true, "points": 709}}, {"model": "core.userdistance", "pk": 233, "fields": {"user": ["korol_volodymyr@ukr.net"], "distance": 7, "pre_time": 3600, "result_time": "00:38.76", "is_finished": true, "points": 422}}, {"model": "core.userdistance", "pk": 234, "fields": {"user": ["korol_volodymyr@ukr.net"], "distance": 9, "pre_time": 3200, "result_time": "00:32.46", "is_finished": true, "points": 590}}, {"model": "core.userdistance", "pk": 238, "fields": {"user": ["maksim.vlasenko@gmail.com"], "distance": 6, "pre_time": 3000, "result_time": "00:29.63", "is_finished": true, "points": 643}}, {"model": "core.userdistance", "pk": 239, "fields": {"user": ["vmdocua@yahoo.com"], "distance": 5, "pre_time": 7650, "result_time": "01:17.07", "is_finished": true, "points": 472}}, {"model": "core.userdistance", "pk": 240, "fields": {"user": ["vmdocua@yahoo.com"], "distance": 9, "pre_time": 3400, "result_time": "00:35.59", "is_finished": true, "points": 469}}, {"model": "core.userdistance", "pk": 241, "fields": {"user": ["vmdocua@yahoo.com"], "distance": 10, "pre_time": 7500, "result_time": null, "is_finished": true, "points": null}}, {"model": "core.userdistance", "pk": 242, "fields": {"user": ["vmdocua@yahoo.com"], "distance": 14, "pre_time": 7350, "result_time": null, "is_finished": true, "points": null}}, {"model": "core.userdistance", "pk": 243, "fields": {"user": ["vmdocua@yahoo.com"], "distance": 18, "pre_time": 3350, "result_time": null, "is_finished": true, "points": null}}, {"model": "core.userdistance", "pk": 244, "fields": {"user": ["valpetryn@gmail.com"], "distance": 1, "pre_time": 23000, "result_time": "03:42.18", "is_finished": true, "points": 254}}, {"model": "core.userdistance", "pk": 245, "fields": {"user": ["valpetryn@gmail.com"], "distance": 3, "pre_time": 10000, "result_time": "01:35.56", "is_finished": true, "points": 396}}, {"model": "core.userdistance", "pk": 246, "fields": {"user": ["valpetryn@gmail.com"], "distance": 8, "pre_time": 9500, "result_time": "01:33.07", "is_finished": true, "points": 208}}, {"model": "core.userdistance", "pk": 247, "fields": {"user": ["valpetryn@gmail.com"], "distance": 10, "pre_time": 9800, "result_time": null, "is_finished": true, "points": null}}, {"model": "core.userdistance", "pk": 248, "fields": {"user": ["valpetryn@gmail.com"], "distance": 14, "pre_time": 11000, "result_time": null, "is_finished": true, "points": null}}, {"model": "core.userdistance", "pk": 249, "fields": {"user": ["valpetryn@gmail.com"], "distance": 17, "pre_time": 9500, "result_time": null, "is_finished": true, "points": null}}, {"model": "core.userdistance", "pk": 250, "fields": {"user": ["kadirovaolena@gmail.com"], "distance": 3, "pre_time": 11500, "result_time": "01:53.72", "is_finished": true, "points": 355}}, {"model": "core.userdistance", "pk": 251, "fields": {"user": ["kadirovaolena@gmail.com"], "distance": 10, "pre_time": 11000, "result_time": null, "is_finished": true, "points": null}}, {"model": "core.userdistance", "pk": 252, "fields": {"user": ["matkovskyjuriy@gmail.com"], "distance": 5, "pre_time": 11000, "result_time": null, "is_finished": false, "points": null}}, {"model": "core.userdistance", "pk": 253, "fields": {"user": ["matkovskyjuriy@gmail.com"], "distance": 9, "pre_time": 5000, "result_time": null, "is_finished": false, "points": null}}, {"model": "core.userdistance", "pk": 254, "fields": {"user": ["matkovskyjuriy@gmail.com"], "distance": 14, "pre_time": 11000, "result_time": null, "is_finished": false, "points": null}}, {"model": "core.userdistance", "pk": 255, "fields": {"user": ["matkovskyjuriy@gmail.com"], "distance": 18, "pre_time": 5000, "result_time": null, "is_finished": false, "points": null}}, {"model": "core.userdistance", "pk": 256, "fields": {"user": ["tupitsyayuriy@gmail.com"], "distance": 4, "pre_time": 6500, "result_time": null, "is_finished": false, "points": null}}, {"model": "core.userdistance", "pk": 257, "fields": {"user": ["tupitsyayuriy@gmail.com"], "distance": 9, "pre_time": 7500, "result_time": null, "is_finished": false, "points": null}}, {"model": "core.userdistance", "pk": 258, "fields": {"user": ["tupitsyayuriy@gmail.com"], "distance": 13, "pre_time": 6500, "result_time": null, "is_finished": false, "points": null}}, {"model": "core.userdistance", "pk": 259, "fields": {"user": ["tupitsyayuriy@gmail.com"], "distance": 18, "pre_time": 7500, "result_time": null, "is_finished": false, "points": null}}, {"model": "core.userdistance", "pk": 260, "fields": {"user": ["boykoviktor923@gmail.com"], "distance": 3, "pre_time": 9700, "result_time": null, "is_finished": false, "points": null}}, {"model": "core.userdistance", "pk": 261, "fields": {"user": ["boykoviktor923@gmail.com"], "distance": 7, "pre_time": 4200, "result_time": null, "is_finished": false, "points": null}}, {"model": "core.userdistance", "pk": 262, "fields": {"user": ["boykoviktor923@gmail.com"], "distance": 9, "pre_time": 4600, "result_time": null, "is_finished": false, "points": null}}, {"model": "core.userdistance", "pk": 263, "fields": {"user": ["boykoviktor923@gmail.com"], "distance": 12, "pre_time": 9700, "result_time": null, "is_finished": false, "points": null}}, {"model": "core.userdistance", "pk": 264, "fields": {"user": ["boykoviktor923@gmail.com"], "distance": 16, "pre_time": 4200, "result_time": null, "is_finished": false, "points": null}}, {"model": "core.userdistance", "pk": 265, "fields": {"user": ["boykoviktor923@gmail.com"], "distance": 18, "pre_time": 4600, "result_time": null, "is_finished": false, "points": null}}, {"model": "core.userdistance", "pk": 266, "fields": {"user": ["dardik@ua.fm"], "distance": 4, "pre_time": 3000, "result_time": "00:29.18", "is_finished": true, "points": 539}}, {"model": "core.userdistance", "pk": 267, "fields": {"user": ["dardik@ua.fm"], "distance": 8, "pre_time": 7000, "result_time": "01:10.53", "is_finished": true, "points": 417}}, {"model": "core.userdistance", "pk": 268, "fields": {"user": ["karinashatoff@gmail.com"], "distance": 1, "pre_time": 18000, "result_time": "02:59.84", "is_finished": true, "points": 496}}, {"model": "core.userdistance", "pk": 269, "fields": {"user": ["karinashatoff@gmail.com"], "distance": 7, "pre_time": 4200, "result_time": "00:38.74", "is_finished": true, "points": 588}}, {"model": "core.userdistance", "pk": 270, "fields": {"user": ["karinashatoff@gmail.com"], "distance": 6, "pre_time": 3200, "result_time": "00:34.06", "is_finished": true, "points": 532}}, {"model": "core.userdistance", "pk": 271, "fields": {"user": ["pavelbu89@gmail.com"], "distance": 1, "pre_time": 16000, "result_time": "02:36.25", "is_finished": true, "points": 547}}, {"model": "core.userdistance", "pk": 272, "fields": {"user": ["pavelbu89@gmail.com"], "distance": 4, "pre_time": 2600, "result_time": "00:26.21", "is_finished": true, "points": 681}}, {"model": "core.userdistance", "pk": 273, "fields": {"user": ["pavelbu89@gmail.com"], "distance": 6, "pre_time": 3100, "result_time": "00:30.19", "is_finished": true, "points": 522}}, {"model": "core.userdistance", "pk": 274, "fields": {"user": ["pavelbu89@gmail.com"], "distance": 7, "pre_time": 3200, "result_time": "00:33.18", "is_finished": true, "points": 616}}, {"model": "core.userdistance", "pk": 275, "fields": {"user": ["pavelbu89@gmail.com"], "distance": 9, "pre_time": 3200, "result_time": "00:32.78", "is_finished": true, "points": 515}}, {"model": "core.userdistance", "pk": 276, "fields": {"user": ["pavelbu89@gmail.com"], "distance": 10, "pre_time": 6700, "result_time": null, "is_finished": true, "points": null}}, {"model": "core.userdistance", "pk": 277, "fields": {"user": ["pavelbu89@gmail.com"], "distance": 12, "pre_time": 7500, "result_time": null, "is_finished": true, "points": null}}, {"model": "core.userdistance", "pk": 278, "fields": {"user": ["pavelbu89@gmail.com"], "distance": 15, "pre_time": 3100, "result_time": null, "is_finished": true, "points": null}}, {"model": "core.userdistance", "pk": 279, "fields": {"user": ["pavelbu89@gmail.com"], "distance": 17, "pre_time": 5800, "result_time": null, "is_finished": true, "points": null}}, {"model": "core.userdistance", "pk": 288, "fields": {"user": ["oleksijkireev@gmail.com"], "distance": 4, "pre_time": 3800, "result_time": "00:36.19", "is_finished": true, "points": 321}}, {"model": "core.userdistance", "pk": 289, "fields": {"user": ["oleksijkireev@gmail.com"], "distance": 9, "pre_time": 3000, "result_time": "00:54.05", "is_finished": true, "points": 156}}, {"model": "core.userdistance", "pk": 290, "fields": {"user": ["oleksijkireev@gmail.com"], "distance": 7, "pre_time": 5000, "result_time": "00:51.19", "is_finished": true, "points": 226}}, {"model": "core.userdistance", "pk": 291, "fields": {"user": ["oleksijkireev@gmail.com"], "distance": 15, "pre_time": 5000, "result_time": null, "is_finished": true, "points": null}}, {"model": "core.userdistance", "pk": 292, "fields": {"user": ["oleksijkireev@gmail.com"], "distance": 16, "pre_time": 5000, "result_time": null, "is_finished": true, "points": null}}, {"model": "core.userdistance", "pk": 293, "fields": {"user": ["elmartienko@ukr.net"], "distance": 1, "pre_time": 17000, "result_time": "02:44.27", "is_finished": true, "points": 566}}, {"model": "core.userdistance", "pk": 294, "fields": {"user": ["elmartienko@ukr.net"], "distance": 8, "pre_time": 6500, "result_time": "01:02.50", "is_finished": true, "points": 650}}, {"model": "core.userdistance", "pk": 295, "fields": {"user": ["elmartienko@ukr.net"], "distance": 10, "pre_time": 7100, "result_time": null, "is_finished": true, "points": null}}, {"model": "core.userdistance", "pk": 296, "fields": {"user": ["elmartienko@ukr.net"], "distance": 17, "pre_time": 6200, "result_time": null, "is_finished": true, "points": null}}, {"model": "core.userdistance", "pk": 297, "fields": {"user": ["BalandinOleksiy@gmail.com"], "distance": 1, "pre_time": 21000, "result_time": "03:23.93", "is_finished": true, "points": 419}}, {"model": "core.userdistance", "pk": 298, "fields": {"user": ["BalandinOleksiy@gmail.com"], "distance": 6, "pre_time": 3800, "result_time": "00:37.81", "is_finished": true, "points": 425}}, {"model": "core.userdistance", "pk": 299, "fields": {"user": ["BalandinOleksiy@gmail.com"], "distance": 10, "pre_time": 9000, "result_time": null, "is_finished": true, "points": null}}, {"model": "core.userdistance", "pk": 300, "fields": {"user": ["BalandinOleksiy@gmail.com"], "distance": 15, "pre_time": 3700, "result_time": null, "is_finished": true, "points": null}}, {"model": "core.userdistance", "pk": 301, "fields": {"user": ["BidunNatalia@gmail.com"], "distance": 2, "pre_time": 9000, "result_time": "01:37.13", "is_finished": true, "points": 363}}, {"model": "core.userdistance", "pk": 302, "fields": {"user": ["BidunNatalia@gmail.com"], "distance": 5, "pre_time": 8500, "result_time": "01:30.03", "is_finished": true, "points": 519}}, {"model": "core.userdistance", "pk": 303, "fields": {"user": ["BidunNatalia@gmail.com"], "distance": 10, "pre_time": 8000, "result_time": null, "is_finished": true, "points": null}}, {"model": "core.userdistance", "pk": 304, "fields": {"user": ["BidunNatalia@gmail.com"], "distance": 15, "pre_time": 3900, "result_time": null, "is_finished": true, "points": null}}, {"model": "core.userdistance", "pk": 305, "fields": {"user": ["BidunNatalia@gmail.com"], "distance": 17, "pre_time": 7500, "result_time": null, "is_finished": true, "points": null}}, {"model": "core.userdistance", "pk": 306, "fields": {"user": ["DmitrovSergey@gmail.com"], "distance": 6, "pre_time": 2950, "result_time": "00:29.72", "is_finished": true, "points": 718}}, {"model": "core.userdistance", "pk": 307, "fields": {"user": ["DmitrovSergey@gmail.com"], "distance": 11, "pre_time": 6650, "result_time": null, "is_finished": true, "points": null}}, {"model": "core.userdistance", "pk": 308, "fields": {"user": ["DmitrovSergey@gmail.com"], "distance": 18, "pre_time": 3250, "result_time": null, "is_finished": true, "points": null}}, {"model": "core.userdistance", "pk": 309, "fields": {"user": ["MarikutTina@gmail.com"], "distance": 1, "pre_time": 19000, "result_time": "03:13.66", "is_finished": true, "points": 488}}, {"model": "core.userdistance", "pk": 310, "fields": {"user": ["MarikutTina@gmail.com"], "distance": 3, "pre_time": 9300, "result_time": "01:34.30", "is_finished": true, "points": 529}}, {"model": "core.userdistance", "pk": 311, "fields": {"user": ["MarikutTina@gmail.com"], "distance": 8, "pre_time": 7500, "result_time": "01:18.28", "is_finished": true, "points": 462}}, {"model": "core.userdistance", "pk": 312, "fields": {"user": ["MarikutTina@gmail.com"], "distance": 10, "pre_time": 8500, "result_time": null, "is_finished": true, "points": null}}, {"model": "core.userdistance", "pk": 313, "fields": {"user": ["MarikutTina@gmail.com"], "distance": 16, "pre_time": 4000, "result_time": null, "is_finished": true, "points": null}}, {"model": "core.userdistance", "pk": 314, "fields": {"user": ["MarikutTina@gmail.com"], "distance": 17, "pre_time": 7400, "result_time": null, "is_finished": true, "points": null}}, {"model": "core.userdistance", "pk": 315, "fields": {"user": ["Romaniokiev@gmail.com"], "distance": 4, "pre_time": 2750, "result_time": "00:28.03", "is_finished": true, "points": 608}}, {"model": "core.userdistance", "pk": 316, "fields": {"user": ["Romaniokiev@gmail.com"], "distance": 8, "pre_time": 6300, "result_time": "01:04.92", "is_finished": true, "points": 534}}, {"model": "core.userdistance", "pk": 317, "fields": {"user": ["Romaniokiev@gmail.com"], "distance": 11, "pre_time": 7000, "result_time": null, "is_finished": true, "points": null}}, {"model": "core.userdistance", "pk": 318, "fields": {"user": ["Romaniokiev@gmail.com"], "distance": 17, "pre_time": 6300, "result_time": null, "is_finished": true, "points": null}}, {"model": "core.userdistance", "pk": 319, "fields": {"user": ["ZhornikVladimir@gmail.com"], "distance": 4, "pre_time": 4500, "result_time": "00:53.94", "is_finished": true, "points": 107}}, {"model": "core.userdistance", "pk": 320, "fields": {"user": ["ZhornikVladimir@gmail.com"], "distance": 13, "pre_time": 4500, "result_time": null, "is_finished": true, "points": null}}, {"model": "core.userdistance", "pk": 329, "fields": {"user": ["PechenyukVladimir@gmail.com"], "distance": 2, "pre_time": 6500, "result_time": "01:06.66", "is_finished": true, "points": 591}}, {"model": "core.userdistance", "pk": 330, "fields": {"user": ["PechenyukVladimir@gmail.com"], "distance": 8, "pre_time": 6000, "result_time": "01:00.72", "is_finished": true, "points": 633}}, {"model": "core.userdistance", "pk": 331, "fields": {"user": ["PechenyukVladimir@gmail.com"], "distance": 11, "pre_time": 6300, "result_time": null, "is_finished": true, "points": null}}, {"model": "core.userdistance", "pk": 332, "fields": {"user": ["PechenyukVladimir@gmail.com"], "distance": 17, "pre_time": 5900, "result_time": null, "is_finished": true, "points": null}}, {"model": "core.userdistance", "pk": 333, "fields": {"user": ["EpishchenkoSergey@gmail.com"], "distance": 4, "pre_time": 2750, "result_time": null, "is_finished": false, "points": null}}, {"model": "core.userdistance", "pk": 334, "fields": {"user": ["EpishchenkoSergey@gmail.com"], "distance": 8, "pre_time": 6200, "result_time": null, "is_finished": false, "points": null}}, {"model": "core.userdistance", "pk": 335, "fields": {"user": ["EpishchenkoSergey@gmail.com"], "distance": 10, "pre_time": 7000, "result_time": null, "is_finished": false, "points": null}}, {"model": "core.userdistance", "pk": 336, "fields": {"user": ["EpishchenkoSergey@gmail.com"], "distance": 13, "pre_time": 2700, "result_time": null, "is_finished": false, "points": null}}, {"model": "core.userdistance", "pk": 337, "fields": {"user": ["EpishchenkoSergey@gmail.com"], "distance": 17, "pre_time": 6000, "result_time": null, "is_finished": false, "points": null}}, {"model": "core.userdistance", "pk": 338, "fields": {"user": ["VedernikovVladislav@gmail.com"], "distance": 4, "pre_time": 2450, "result_time": "00:24.79", "is_finished": true, "points": 805}}, {"model": "core.userdistance", "pk": 339, "fields": {"user": ["VedernikovVladislav@gmail.com"], "distance": 13, "pre_time": 2450, "result_time": null, "is_finished": true, "points": null}}, {"model": "core.userdistance", "pk": 340, "fields": {"user": ["VedernikovVladislav@gmail.com"], "distance": 17, "pre_time": 5450, "result_time": null, "is_finished": true, "points": null}}, {"model": "core.userdistance", "pk": 341, "fields": {"user": ["DrigolaGennady@gmail.com"], "distance": 4, "pre_time": 3500, "result_time": "00:32.75", "is_finished": true, "points": 417}}, {"model": "core.userdistance", "pk": 342, "fields": {"user": ["DrigolaGennady@gmail.com"], "distance": 8, "pre_time": 8000, "result_time": "01:22.04", "is_finished": true, "points": 287}}, {"model": "core.userdistance", "pk": 343, "fields": {"user": ["DrigolaGennady@gmail.com"], "distance": 14, "pre_time": 10000, "result_time": null, "is_finished": true, "points": null}}, {"model": "core.userdistance", "pk": 344, "fields": {"user": ["DrigolaGennady@gmail.com"], "distance": 18, "pre_time": 4500, "result_time": null, "is_finished": true, "points": null}}, {"model": "core.userdistance", "pk": 345, "fields": {"user": ["bog-ksu@bigmir.net"], "distance": 4, "pre_time": 2600, "result_time": "00:27.37", "is_finished": true, "points": 653}}, {"model": "core.userdistance", "pk": 346, "fields": {"user": ["bog-ksu@bigmir.net"], "distance": 6, "pre_time": 2750, "result_time": "00:28.29", "is_finished": true, "points": 738}}, {"model": "core.userdistance", "pk": 347, "fields": {"user": ["vahha83@ukr.net"], "distance": 4, "pre_time": 3200, "result_time": "00:31.97", "is_finished": true, "points": 392}}, {"model": "core.userdistance", "pk": 348, "fields": {"user": ["vahha83@ukr.net"], "distance": 7, "pre_time": 4000, "result_time": "00:41.98", "is_finished": true, "points": 332}}, {"model": "core.userdistance", "pk": 349, "fields": {"user": ["vahha83@ukr.net"], "distance": 10, "pre_time": 8500, "result_time": null, "is_finished": true, "points": null}}, {"model": "core.userdistance", "pk": 350, "fields": {"user": ["vahha83@ukr.net"], "distance": 18, "pre_time": 4000, "result_time": null, "is_finished": true, "points": null}}, {"model": "core.userdistance", "pk": 351, "fields": {"user": ["YaremchukMaria@gmail.com"], "distance": 10, "pre_time": 8500, "result_time": null, "is_finished": true, "points": null}}, {"model": "core.userdistance", "pk": 352, "fields": {"user": ["YaremchukMaria@gmail.com"], "distance": 12, "pre_time": 9500, "result_time": null, "is_finished": true, "points": null}}, {"model": "core.userdistance", "pk": 353, "fields": {"user": ["YaremchukMaria@gmail.com"], "distance": 13, "pre_time": 3200, "result_time": null, "is_finished": true, "points": null}}, {"model": "core.userdistance", "pk": 354, "fields": {"user": ["YaremchukMaria@gmail.com"], "distance": 14, "pre_time": 9000, "result_time": null, "is_finished": true, "points": null}}, {"model": "core.userdistance", "pk": 355, "fields": {"user": ["YaremchukMaria@gmail.com"], "distance": 16, "pre_time": 4200, "result_time": null, "is_finished": true, "points": null}}, {"model": "core.userdistance", "pk": 356, "fields": {"user": ["VvedenskyRostislav@gmail.com"], "distance": 3, "pre_time": 11500, "result_time": "01:35.44", "is_finished": true, "points": 398}}, {"model": "core.userdistance", "pk": 357, "fields": {"user": ["VvedenskyRostislav@gmail.com"], "distance": 5, "pre_time": 10500, "result_time": "01:35.16", "is_finished": true, "points": 295}}, {"model": "core.userdistance", "pk": 358, "fields": {"user": ["VvedenskyRostislav@gmail.com"], "distance": 7, "pre_time": 5000, "result_time": "00:40.70", "is_finished": true, "points": 449}}, {"model": "core.userdistance", "pk": 359, "fields": {"user": ["VvedenskyRostislav@gmail.com"], "distance": 9, "pre_time": 4500, "result_time": "00:41.69", "is_finished": true, "points": 340}}, {"model": "core.userdistance", "pk": 360, "fields": {"user": ["VvedenskyRostislav@gmail.com"], "distance": 12, "pre_time": 11500, "result_time": null, "is_finished": true, "points": null}}, {"model": "core.userdistance", "pk": 361, "fields": {"user": ["VvedenskyRostislav@gmail.com"], "distance": 14, "pre_time": 10500, "result_time": null, "is_finished": true, "points": null}}, {"model": "core.userdistance", "pk": 362, "fields": {"user": ["VvedenskyRostislav@gmail.com"], "distance": 16, "pre_time": 5000, "result_time": null, "is_finished": true, "points": null}}, {"model": "core.userdistance", "pk": 363, "fields": {"user": ["VvedenskyRostislav@gmail.com"], "distance": 18, "pre_time": 4500, "result_time": null, "is_finished": true, "points": null}}, {"model": "core.userdistance", "pk": 364, "fields": {"user": ["DechtiarenkoMikhailo@gmail.com"], "distance": 3, "pre_time": 8700, "result_time": "01:28.06", "is_finished": true, "points": 413}}, {"model": "core.userdistance", "pk": 365, "fields": {"user": ["DechtiarenkoMikhailo@gmail.com"], "distance": 6, "pre_time": 3400, "result_time": "00:33.91", "is_finished": true, "points": 429}}, {"model": "core.userdistance", "pk": 366, "fields": {"user": ["DechtiarenkoMikhailo@gmail.com"], "distance": 7, "pre_time": 3900, "result_time": "00:39.81", "is_finished": true, "points": 401}}, {"model": "core.userdistance", "pk": 367, "fields": {"user": ["DechtiarenkoMikhailo@gmail.com"], "distance": 10, "pre_time": 8000, "result_time": null, "is_finished": true, "points": null}}, {"model": "core.userdistance", "pk": 368, "fields": {"user": ["DechtiarenkoMikhailo@gmail.com"], "distance": 12, "pre_time": 8400, "result_time": null, "is_finished": true, "points": null}}, {"model": "core.userdistance", "pk": 369, "fields": {"user": ["DechtiarenkoMikhailo@gmail.com"], "distance": 17, "pre_time": 7000, "result_time": null, "is_finished": true, "points": null}}, {"model": "core.userdistance", "pk": 370, "fields": {"user": ["SadovskyVadim@gmail.com"], "distance": 3, "pre_time": 7700, "result_time": "01:18.94", "is_finished": true, "points": 611}}, {"model": "core.userdistance", "pk": 371, "fields": {"user": ["SadovskyVadim@gmail.com"], "distance": 7, "pre_time": 3300, "result_time": "00:34.31", "is_finished": true, "points": 664}}, {"model": "core.userdistance", "pk": 372, "fields": {"user": ["SadovskyVadim@gmail.com"], "distance": 12, "pre_time": 7700, "result_time": null, "is_finished": true, "points": null}}, {"model": "core.userdistance", "pk": 373, "fields": {"user": ["SadovskyVadim@gmail.com"], "distance": 16, "pre_time": 3290, "result_time": null, "is_finished": true, "points": null}}, {"model": "core.userdistance", "pk": 374, "fields": {"user": ["ChalovAndrey@gmail.com"], "distance": 2, "pre_time": 7400, "result_time": "01:14.75", "is_finished": true, "points": 449}}, {"model": "core.userdistance", "pk": 375, "fields": {"user": ["ChalovAndrey@gmail.com"], "distance": 4, "pre_time": 2900, "result_time": "00:31.00", "is_finished": true, "points": 449}}, {"model": "core.userdistance", "pk": 376, "fields": {"user": ["ChalovAndrey@gmail.com"], "distance": 6, "pre_time": 3000, "result_time": "00:32.19", "is_finished": true, "points": 501}}, {"model": "core.userdistance", "pk": 377, "fields": {"user": ["ChalovAndrey@gmail.com"], "distance": 8, "pre_time": 6400, "result_time": "01:09.20", "is_finished": true, "points": 441}}, {"model": "core.userdistance", "pk": 378, "fields": {"user": ["ChalovAndrey@gmail.com"], "distance": 11, "pre_time": 7400, "result_time": null, "is_finished": true, "points": null}}, {"model": "core.userdistance", "pk": 379, "fields": {"user": ["ChalovAndrey@gmail.com"], "distance": 13, "pre_time": 2900, "result_time": null, "is_finished": true, "points": null}}, {"model": "core.userdistance", "pk": 380, "fields": {"user": ["ChalovAndrey@gmail.com"], "distance": 15, "pre_time": 3000, "result_time": null, "is_finished": true, "points": null}}, {"model": "core.userdistance", "pk": 381, "fields": {"user": ["ChalovAndrey@gmail.com"], "distance": 17, "pre_time": 6400, "result_time": null, "is_finished": true, "points": null}}, {"model": "core.userdistance", "pk": 382, "fields": {"user": ["VolodymyrVorzheinov@gmail.com"], "distance": 3, "pre_time": 13500, "result_time": "02:14.60", "is_finished": true, "points": 205}}, {"model": "core.userdistance", "pk": 383, "fields": {"user": ["VolodymyrVorzheinov@gmail.com"], "distance": 7, "pre_time": 5800, "result_time": "00:57.94", "is_finished": true, "points": 221}}, {"model": "core.userdistance", "pk": 384, "fields": {"user": ["VolodymyrVorzheinov@gmail.com"], "distance": 8, "pre_time": 12000, "result_time": "01:53.46", "is_finished": true, "points": 163}}, {"model": "core.userdistance", "pk": 385, "fields": {"user": ["VolodymyrVorzheinov@gmail.com"], "distance": 12, "pre_time": 13500, "result_time": null, "is_finished": true, "points": null}}, {"model": "core.userdistance", "pk": 386, "fields": {"user": ["VolodymyrVorzheinov@gmail.com"], "distance": 15, "pre_time": 6800, "result_time": null, "is_finished": true, "points": null}}, {"model": "core.userdistance", "pk": 387, "fields": {"user": ["VolodymyrVorzheinov@gmail.com"], "distance": 17, "pre_time": 12000, "result_time": null, "is_finished": true, "points": null}}, {"model": "core.userdistance", "pk": 396, "fields": {"user": ["lazymail@i.ua"], "distance": 10, "pre_time": 10000, "result_time": null, "is_finished": true, "points": null}}, {"model": "core.userdistance", "pk": 397, "fields": {"user": ["lazymail@i.ua"], "distance": 12, "pre_time": 10500, "result_time": null, "is_finished": true, "points": null}}, {"model": "core.userdistance", "pk": 398, "fields": {"user": ["lazymail@i.ua"], "distance": 17, "pre_time": 8500, "result_time": null, "is_finished": true, "points": null}}, {"model": "core.userdistance", "pk": 399, "fields": {"user": ["PonomaryovMikhailo@gmail.com"], "distance": 4, "pre_time": 5000, "result_time": "00:40.28", "is_finished": true, "points": 186}}, {"model": "core.userdistance", "pk": 400, "fields": {"user": ["PonomaryovMikhailo@gmail.com"], "distance": 7, "pre_time": 6000, "result_time": "00:56.56", "is_finished": true, "points": 132}}, {"model": "core.userdistance", "pk": 401, "fields": {"user": ["PonomaryovMikhailo@gmail.com"], "distance": 13, "pre_time": 5000, "result_time": null, "is_finished": true, "points": null}}, {"model": "core.userdistance", "pk": 402, "fields": {"user": ["PonomaryovMikhailo@gmail.com"], "distance": 16, "pre_time": 6000, "result_time": null, "is_finished": true, "points": null}}, {"model": "core.userdistance", "pk": 404, "fields": {"user": ["AndriyChubatyuk@gmail.com"], "distance": 6, "pre_time": 4400, "result_time": "00:42.69", "is_finished": true, "points": 185}}, {"model": "core.userdistance", "pk": 405, "fields": {"user": ["AndriyChubatyuk@gmail.com"], "distance": 9, "pre_time": 4700, "result_time": "00:43.97", "is_finished": true, "points": 214}}, {"model": "core.userdistance", "pk": 406, "fields": {"user": ["AndriyChubatyuk@gmail.com"], "distance": 4, "pre_time": 4000, "result_time": "00:32.87", "is_finished": true, "points": 345}}, {"model": "core.userdistance", "pk": 407, "fields": {"user": ["AndriyChubatyuk@gmail.com"], "distance": 15, "pre_time": 4400, "result_time": null, "is_finished": true, "points": null}}, {"model": "core.userdistance", "pk": 408, "fields": {"user": ["ShkarlettAlexander@gmail.com"], "distance": 4, "pre_time": 3200, "result_time": "00:31.06", "is_finished": true, "points": 558}}, {"model": "core.userdistance", "pk": 409, "fields": {"user": ["ShkarlettAlexander@gmail.com"], "distance": 8, "pre_time": 7000, "result_time": "01:08.22", "is_finished": true, "points": 593}}, {"model": "core.userdistance", "pk": 410, "fields": {"user": ["ShkarlettAlexander@gmail.com"], "distance": 13, "pre_time": 3200, "result_time": null, "is_finished": true, "points": null}}, {"model": "core.userdistance", "pk": 411, "fields": {"user": ["ShkarlettAlexander@gmail.com"], "distance": 17, "pre_time": 7000, "result_time": null, "is_finished": true, "points": null}}, {"model": "core.userdistance", "pk": 412, "fields": {"user": ["MurashkoValery@gmail.com"], "distance": 4, "pre_time": 3000, "result_time": "00:29.94", "is_finished": true, "points": 623}}, {"model": "core.userdistance", "pk": 413, "fields": {"user": ["MurashkoValery@gmail.com"], "distance": 7, "pre_time": 3750, "result_time": "00:38.78", "is_finished": true, "points": 571}}, {"model": "core.userdistance", "pk": 414, "fields": {"user": ["MurashkoValery@gmail.com"], "distance": 13, "pre_time": 3000, "result_time": null, "is_finished": true, "points": null}}, {"model": "core.userdistance", "pk": 415, "fields": {"user": ["MurashkoValery@gmail.com"], "distance": 16, "pre_time": 3800, "result_time": null, "is_finished": true, "points": null}}, {"model": "core.userdistance", "pk": 416, "fields": {"user": ["BocharovVladimir@gmail.com"], "distance": 2, "pre_time": 8500, "result_time": "", "is_finished": true, "points": 0}}, {"model": "core.userdistance", "pk": 417, "fields": {"user": ["BocharovVladimir@gmail.com"], "distance": 4, "pre_time": 3000, "result_time": "00:31.00", "is_finished": true, "points": 511}}, {"model": "core.userdistance", "pk": 418, "fields": {"user": ["BocharovVladimir@gmail.com"], "distance": 7, "pre_time": 3850, "result_time": "00:40.79", "is_finished": true, "points": 446}}, {"model": "core.userdistance", "pk": 419, "fields": {"user": ["PergamonovSergey@gmail.com"], "distance": 4, "pre_time": 3500, "result_time": "00:34.84", "is_finished": true, "points": 360}}, {"model": "core.userdistance", "pk": 420, "fields": {"user": ["PergamonovSergey@gmail.com"], "distance": 8, "pre_time": 8000, "result_time": "01:21.05", "is_finished": true, "points": 315}}, {"model": "core.userdistance", "pk": 423, "fields": {"user": ["IvanovYuriy@gmail.com"], "distance": 13, "pre_time": 2600, "result_time": null, "is_finished": true, "points": null}}, {"model": "core.userdistance", "pk": 424, "fields": {"user": ["IvanovYuriy@gmail.com"], "distance": 17, "pre_time": 5700, "result_time": null, "is_finished": true, "points": null}}, {"model": "core.userdistance", "pk": 425, "fields": {"user": ["Verbickij12.11.1985@ukr.net"], "distance": 4, "pre_time": 2834, "result_time": "00:28.09", "is_finished": true, "points": 548}}, {"model": "core.userdistance", "pk": 426, "fields": {"user": ["Verbickij12.11.1985@ukr.net"], "distance": 6, "pre_time": 3200, "result_time": "00:30.38", "is_finished": true, "points": 526}}, {"model": "core.userdistance", "pk": 427, "fields": {"user": ["Verbickij12.11.1985@ukr.net"], "distance": 7, "pre_time": 3800, "result_time": "00:40.56", "is_finished": true, "points": 357}}, {"model": "core.userdistance", "pk": 428, "fields": {"user": ["Verbickij12.11.1985@ukr.net"], "distance": 13, "pre_time": 2800, "result_time": null, "is_finished": true, "points": null}}, {"model": "core.userdistance", "pk": 429, "fields": {"user": ["Verbickij12.11.1985@ukr.net"], "distance": 15, "pre_time": 3200, "result_time": null, "is_finished": true, "points": null}}, {"model": "core.userdistance", "pk": 430, "fields": {"user": ["Verbickij12.11.1985@ukr.net"], "distance": 18, "pre_time": 3350, "result_time": null, "is_finished": true, "points": null}}, {"model": "core.userdistance", "pk": 431, "fields": {"user": ["Junflower@i.ua"], "distance": 6, "pre_time": 3650, "result_time": "00:34.00", "is_finished": true, "points": 555}}, {"model": "core.userdistance", "pk": 432, "fields": {"user": ["Junflower@i.ua"], "distance": 9, "pre_time": 3700, "result_time": "00:36.53", "is_finished": true, "points": 556}}, {"model": "core.userdistance", "pk": 433, "fields": {"user": ["Junflower@i.ua"], "distance": 10, "pre_time": 7800, "result_time": null, "is_finished": true, "points": null}}, {"model": "core.userdistance", "pk": 434, "fields": {"user": ["Junflower@i.ua"], "distance": 15, "pre_time": 3600, "result_time": null, "is_finished": true, "points": null}}, {"model": "core.userdistance", "pk": 435, "fields": {"user": ["Terrance McCracken@gmail.com"], "distance": 13, "pre_time": 4500, "result_time": null, "is_finished": true, "points": null}}, {"model": "core.userdistance", "pk": 436, "fields": {"user": ["KRAFTPROFIL@ukr.net"], "distance": 7, "pre_time": 4000, "result_time": "00:42.19", "is_finished": true, "points": 443}}, {"model": "core.userdistance", "pk": 437, "fields": {"user": ["KRAFTPROFIL@ukr.net"], "distance": 3, "pre_time": 9100, "result_time": "01:33.87", "is_finished": true, "points": 464}}, {"model": "core.userdistance", "pk": 438, "fields": {"user": ["KRAFTPROFIL@ukr.net"], "distance": 10, "pre_time": 8200, "result_time": null, "is_finished": true, "points": null}}, {"model": "core.userdistance", "pk": 439, "fields": {"user": ["KRAFTPROFIL@ukr.net"], "distance": 16, "pre_time": 3900, "result_time": null, "is_finished": true, "points": null}}, {"model": "core.userdistance", "pk": 440, "fields": {"user": ["KRAFTPROFIL@ukr.net"], "distance": 15, "pre_time": 3600, "result_time": null, "is_finished": true, "points": null}}, {"model": "core.userdistance", "pk": 441, "fields": {"user": ["KRAFTPROFIL@ukr.net"], "distance": 12, "pre_time": 9000, "result_time": null, "is_finished": true, "points": null}}, {"model": "core.userdistance", "pk": 442, "fields": {"user": ["ElenaLindholt@gmail.com"], "distance": 3, "pre_time": 10500, "result_time": "01:42.28", "is_finished": true, "points": 414}}, {"model": "core.userdistance", "pk": 443, "fields": {"user": ["ElenaLindholt@gmail.com"], "distance": 4, "pre_time": 3650, "result_time": "00:37.50", "is_finished": true, "points": 390}}, {"model": "core.userdistance", "pk": 444, "fields": {"user": ["ElenaLindholt@gmail.com"], "distance": 7, "pre_time": 4200, "result_time": "00:46.10", "is_finished": true, "points": 417}}, {"model": "core.userdistance", "pk": 445, "fields": {"user": ["ElenaLindholt@gmail.com"], "distance": 8, "pre_time": 9500, "result_time": "", "is_finished": true, "points": 0}}, {"model": "core.userdistance", "pk": 446, "fields": {"user": ["ElenaLindholt@gmail.com"], "distance": 12, "pre_time": 10500, "result_time": null, "is_finished": true, "points": null}}, {"model": "core.userdistance", "pk": 447, "fields": {"user": ["ElenaLindholt@gmail.com"], "distance": 13, "pre_time": 3650, "result_time": null, "is_finished": true, "points": null}}, {"model": "core.userdistance", "pk": 448, "fields": {"user": ["ElenaLindholt@gmail.com"], "distance": 16, "pre_time": 4200, "result_time": null, "is_finished": true, "points": null}}, {"model": "core.userdistance", "pk": 449, "fields": {"user": ["ElenaLindholt@gmail.com"], "distance": 17, "pre_time": 9500, "result_time": null, "is_finished": true, "points": null}}, {"model": "core.userdistance", "pk": 450, "fields": {"user": ["sasha.maschenko@gmail.com"], "distance": 7, "pre_time": 3300, "result_time": "00:35.59", "is_finished": true, "points": 546}}, {"model": "core.userdistance", "pk": 451, "fields": {"user": ["sasha.maschenko@gmail.com"], "distance": 12, "pre_time": 8200, "result_time": null, "is_finished": true, "points": null}}, {"model": "core.userdistance", "pk": 452, "fields": {"user": ["RasskazovaOlga@gmail.com"], "distance": 13, "pre_time": 3800, "result_time": null, "is_finished": true, "points": null}}, {"model": "core.userdistance", "pk": 453, "fields": {"user": ["RasskazovaOlga@gmail.com"], "distance": 12, "pre_time": 11900, "result_time": null, "is_finished": true, "points": null}}, {"model": "core.userdistance", "pk": 454, "fields": {"user": ["ArtemenkoAlexey@gmail.com"], "distance": 13, "pre_time": 3500, "result_time": null, "is_finished": true, "points": null}}, {"model": "core.userdistance", "pk": 455, "fields": {"user": ["ArtemenkoAlexey@gmail.com"], "distance": 17, "pre_time": 9000, "result_time": null, "is_finished": true, "points": null}}, {"model": "core.userdistance", "pk": 456, "fields": {"user": ["TrofimetsDmitry@gmail.com"], "distance": 13, "pre_time": 2400, "result_time": null, "is_finished": true, "points": null}}, {"model": "core.userdistance", "pk": 457, "fields": {"user": ["TrofimetsDmitry@gmail.com"], "distance": 15, "pre_time": 2500, "result_time": null, "is_finished": true, "points": null}}, {"model": "core.userdistance", "pk": 458, "fields": {"user": ["sergei.drapkin@snaige.net"], "distance": 4, "pre_time": 3050, "result_time": "00:31.06", "is_finished": true, "points": 508}}, {"model": "core.userdistance", "pk": 459, "fields": {"user": ["sergei.drapkin@snaige.net"], "distance": 7, "pre_time": 3800, "result_time": "00:38.16", "is_finished": true, "points": 544}}, {"model": "core.userdistance", "pk": 460, "fields": {"user": ["sergei.drapkin@snaige.net"], "distance": 16, "pre_time": 3700, "result_time": null, "is_finished": true, "points": null}}, {"model": "core.userdistance", "pk": 461, "fields": {"user": ["sergei.drapkin@snaige.net"], "distance": 13, "pre_time": 2980, "result_time": null, "is_finished": true, "points": null}}, {"model": "core.userdistance", "pk": 462, "fields": {"user": ["rusikbondarenko3@gmail.com"], "distance": 9, "pre_time": 3400, "result_time": "", "is_finished": true, "points": 0}}, {"model": "core.userdistance", "pk": 463, "fields": {"user": ["rusikbondarenko3@gmail.com"], "distance": 4, "pre_time": 2900, "result_time": "00:28.28", "is_finished": true, "points": 566}}, {"model": "core.userdistance", "pk": 464, "fields": {"user": ["KovalchukSergey@gmail.com"], "distance": 5, "pre_time": 10500, "result_time": "01:35.09", "is_finished": true, "points": 402}}, {"model": "core.userdistance", "pk": 465, "fields": {"user": ["KovalchukSergey@gmail.com"], "distance": 7, "pre_time": 4900, "result_time": "00:44.69", "is_finished": true, "points": 425}}, {"model": "core.userdistance", "pk": 466, "fields": {"user": ["KovalchukSergey@gmail.com"], "distance": 9, "pre_time": 4200, "result_time": "00:41.48", "is_finished": true, "points": 452}}, {"model": "core.userdistance", "pk": 467, "fields": {"user": ["KovalchukSergey@gmail.com"], "distance": 10, "pre_time": 10500, "result_time": null, "is_finished": true, "points": null}}, {"model": "core.userdistance", "pk": 468, "fields": {"user": ["KovalchukSergey@gmail.com"], "distance": 16, "pre_time": 4500, "result_time": null, "is_finished": true, "points": null}}, {"model": "core.userdistance", "pk": 469, "fields": {"user": ["KovalchukSergey@gmail.com"], "distance": 18, "pre_time": 4000, "result_time": null, "is_finished": true, "points": null}}, {"model": "core.userdistance", "pk": 470, "fields": {"user": ["PertsyukhOleksandr@gmail.com"], "distance": 4, "pre_time": 3500, "result_time": "00:33.50", "is_finished": true, "points": 483}}, {"model": "core.userdistance", "pk": 471, "fields": {"user": ["PertsyukhOleksandr@gmail.com"], "distance": 13, "pre_time": 3500, "result_time": null, "is_finished": true, "points": null}}, {"model": "core.userdistance", "pk": 472, "fields": {"user": ["PertsyukhOleksandr@gmail.com"], "distance": 15, "pre_time": 4000, "result_time": null, "is_finished": true, "points": null}}, {"model": "core.userdistance", "pk": 473, "fields": {"user": ["StahnuhinVasil@gmail.com"], "distance": 3, "pre_time": 9500, "result_time": "01:40.65", "is_finished": true, "points": 433}}, {"model": "core.userdistance", "pk": 474, "fields": {"user": ["StahnuhinVasil@gmail.com"], "distance": 4, "pre_time": 3300, "result_time": "00:31.88", "is_finished": true, "points": 560}}, {"model": "core.userdistance", "pk": 475, "fields": {"user": ["StahnuhinVasil@gmail.com"], "distance": 5, "pre_time": 9000, "result_time": "01:26.91", "is_finished": true, "points": 526}}, {"model": "core.userdistance", "pk": 476, "fields": {"user": ["StahnuhinVasil@gmail.com"], "distance": 7, "pre_time": 4200, "result_time": "00:44.59", "is_finished": true, "points": 428}}, {"model": "core.userdistance", "pk": 477, "fields": {"user": ["StahnuhinVasil@gmail.com"], "distance": 9, "pre_time": 3900, "result_time": "00:39.71", "is_finished": true, "points": 515}}, {"model": "core.userdistance", "pk": 478, "fields": {"user": ["StahnuhinVasil@gmail.com"], "distance": 10, "pre_time": 8500, "result_time": null, "is_finished": true, "points": null}}, {"model": "core.userdistance", "pk": 479, "fields": {"user": ["StahnuhinVasil@gmail.com"], "distance": 12, "pre_time": 9500, "result_time": null, "is_finished": true, "points": null}}, {"model": "core.userdistance", "pk": 480, "fields": {"user": ["StahnuhinVasil@gmail.com"], "distance": 13, "pre_time": 3300, "result_time": null, "is_finished": true, "points": null}}, {"model": "core.userdistance", "pk": 481, "fields": {"user": ["StahnuhinVasil@gmail.com"], "distance": 14, "pre_time": 9000, "result_time": null, "is_finished": true, "points": null}}, {"model": "core.userdistance", "pk": 482, "fields": {"user": ["StahnuhinVasil@gmail.com"], "distance": 16, "pre_time": 4200, "result_time": null, "is_finished": true, "points": null}}, {"model": "core.userdistance", "pk": 483, "fields": {"user": ["StahnuhinVasil@gmail.com"], "distance": 18, "pre_time": 3900, "result_time": null, "is_finished": true, "points": null}}, {"model": "core.userdistance", "pk": 484, "fields": {"user": ["Innysapoltava@mail.ru"], "distance": 4, "pre_time": 3130, "result_time": "00:30.54", "is_finished": true, "points": 639}}, {"model": "core.userdistance", "pk": 485, "fields": {"user": ["Innysapoltava@mail.ru"], "distance": 10, "pre_time": 8000, "result_time": null, "is_finished": true, "points": null}}, {"model": "core.userdistance", "pk": 486, "fields": {"user": ["Innysapoltava@mail.ru"], "distance": 13, "pre_time": 3130, "result_time": null, "is_finished": true, "points": null}}, {"model": "core.userdistance", "pk": 487, "fields": {"user": ["kartalyev@gmail"], "distance": 4, "pre_time": 3200, "result_time": "00:31.67", "is_finished": true, "points": 403}}, {"model": "core.userdistance", "pk": 488, "fields": {"user": ["kartalyev@gmail"], "distance": 13, "pre_time": 3200, "result_time": null, "is_finished": true, "points": null}}, {"model": "core.userdistance", "pk": 489, "fields": {"user": ["NikosiDmitry@gmail.com"], "distance": 3, "pre_time": 8000, "result_time": "01:21.40", "is_finished": true, "points": 558}}, {"model": "core.userdistance", "pk": 490, "fields": {"user": ["NikosiDmitry@gmail.com"], "distance": 12, "pre_time": 7700, "result_time": null, "is_finished": true, "points": null}}, {"model": "core.userdistance", "pk": 491, "fields": {"user": ["AndriyChubatyuk@gmail.com"], "distance": 13, "pre_time": 4000, "result_time": null, "is_finished": true, "points": null}}, {"model": "core.userdistance", "pk": 492, "fields": {"user": ["SamoilenkoYevgen@gmail.com"], "distance": 4, "pre_time": 2550, "result_time": "00:25.06", "is_finished": true, "points": 771}}, {"model": "core.userdistance", "pk": 493, "fields": {"user": ["SamoilenkoYevgen@gmail.com"], "distance": 6, "pre_time": 2750, "result_time": "00:26.81", "is_finished": true, "points": 766}}, {"model": "core.userdistance", "pk": 494, "fields": {"user": ["SamoilenkoYevgen@gmail.com"], "distance": 10, "pre_time": 6500, "result_time": null, "is_finished": true, "points": null}}, {"model": "core.userdistance", "pk": 495, "fields": {"user": ["SamoilenkoYevgen@gmail.com"], "distance": 17, "pre_time": 5650, "result_time": null, "is_finished": true, "points": null}}, {"model": "core.userdistance", "pk": 496, "fields": {"user": ["andremagnat@ukr.net"], "distance": 2, "pre_time": 7000, "result_time": "01:12.50", "is_finished": true, "points": 532}}, {"model": "core.userdistance", "pk": 497, "fields": {"user": ["andremagnat@ukr.net"], "distance": 7, "pre_time": 3450, "result_time": "00:35.28", "is_finished": true, "points": 611}}, {"model": "core.userdistance", "pk": 498, "fields": {"user": ["andremagnat@ukr.net"], "distance": 10, "pre_time": 6550, "result_time": null, "is_finished": true, "points": null}}, {"model": "core.userdistance", "pk": 499, "fields": {"user": ["andremagnat@ukr.net"], "distance": 15, "pre_time": 2900, "result_time": null, "is_finished": true, "points": null}}, {"model": "core.userdistance", "pk": 500, "fields": {"user": ["andremagnat@ukr.net"], "distance": 18, "pre_time": 3050, "result_time": null, "is_finished": true, "points": null}}, {"model": "core.userdistance", "pk": 501, "fields": {"user": ["porovaj-dima@ukr.net"], "distance": 4, "pre_time": 2800, "result_time": "", "is_finished": true, "points": 0}}, {"model": "core.userdistance", "pk": 502, "fields": {"user": ["porovaj-dima@ukr.net"], "distance": 9, "pre_time": 3100, "result_time": "00:35.81", "is_finished": true, "points": 500}}, {"model": "core.userdistance", "pk": 503, "fields": {"user": ["hfhfhfhfh@gmail.com"], "distance": 4, "pre_time": 4000, "result_time": "", "is_finished": true, "points": 0}}, {"model": "core.userdistance", "pk": 504, "fields": {"user": ["hfhfhfhfh@gmail.com"], "distance": 13, "pre_time": 4000, "result_time": null, "is_finished": true, "points": null}}, {"model": "core.userdistance", "pk": 505, "fields": {"user": ["Rybalka_vasiliy_kremen@gmail.com"], "distance": 1, "pre_time": 18000, "result_time": "02:42.28", "is_finished": true, "points": 471}}, {"model": "core.userdistance", "pk": 506, "fields": {"user": ["Rybalka_vasiliy_kremen@gmail.com"], "distance": 6, "pre_time": 3000, "result_time": "00:29.00", "is_finished": true, "points": 605}}, {"model": "core.userdistance", "pk": 507, "fields": {"user": ["korshikov_andrii_polt@gmail.com"], "distance": 4, "pre_time": 3100, "result_time": "00:31.89", "is_finished": true, "points": 515}}, {"model": "core.userdistance", "pk": 508, "fields": {"user": ["korshikov_andrii_polt@gmail.com"], "distance": 10, "pre_time": 8000, "result_time": null, "is_finished": true, "points": null}}, {"model": "core.userdistance", "pk": 509, "fields": {"user": ["krot_stas_chern@gmail.com"], "distance": 2, "pre_time": 7000, "result_time": "01:14.59", "is_finished": true, "points": 526}}, {"model": "core.userdistance", "pk": 510, "fields": {"user": ["krot_stas_chern@gmail.com"], "distance": 6, "pre_time": 2900, "result_time": "00:29.27", "is_finished": true, "points": 751}}, {"model": "core.userdistance", "pk": 511, "fields": {"user": ["krot_stas_chern@gmail.com"], "distance": 11, "pre_time": 7000, "result_time": null, "is_finished": true, "points": null}}, {"model": "core.userdistance", "pk": 512, "fields": {"user": ["krot_stas_chern@gmail.com"], "distance": 15, "pre_time": 2900, "result_time": null, "is_finished": true, "points": null}}, {"model": "core.userdistance", "pk": 513, "fields": {"user": ["VedernikovVladislav@gmail.com"], "distance": 6, "pre_time": 2500, "result_time": "00:28.43", "is_finished": true, "points": 625}}, {"model": "core.userdistance", "pk": 514, "fields": {"user": ["gula_roman_polt@gmail.com"], "distance": 18, "pre_time": 4200, "result_time": null, "is_finished": true, "points": null}}, {"model": "core.userdistance", "pk": 515, "fields": {"user": ["artemrano@gmail.com"], "distance": 4, "pre_time": 3109, "result_time": "", "is_finished": true, "points": 0}}, {"model": "core.userdistance", "pk": 516, "fields": {"user": ["porovaj-dima@ukr.net"], "distance": 13, "pre_time": 2800, "result_time": null, "is_finished": true, "points": null}}, {"model": "core.userdistance", "pk": 517, "fields": {"user": ["hfhfhfhfh@gmail.com"], "distance": 7, "pre_time": 3900, "result_time": "00:38.37", "is_finished": true, "points": 435}}, {"model": "core.userdistance", "pk": 518, "fields": {"user": ["styarko@gmail.com"], "distance": 7, "pre_time": 3800, "result_time": "00:38.73", "is_finished": true, "points": 423}}, {"model": "core.userdistance", "pk": 519, "fields": {"user": ["vanda_viktor@gmail.com"], "distance": 13, "pre_time": 3500, "result_time": null, "is_finished": true, "points": null}}]
