[{"model": "contenttypes.contenttype", "pk": 1, "fields": {"app_label": "jet", "model": "pinnedapplication"}}, {"model": "contenttypes.contenttype", "pk": 2, "fields": {"app_label": "jet", "model": "bookmark"}}, {"model": "contenttypes.contenttype", "pk": 3, "fields": {"app_label": "admin", "model": "logentry"}}, {"model": "contenttypes.contenttype", "pk": 4, "fields": {"app_label": "auth", "model": "group"}}, {"model": "contenttypes.contenttype", "pk": 5, "fields": {"app_label": "auth", "model": "permission"}}, {"model": "contenttypes.contenttype", "pk": 6, "fields": {"app_label": "contenttypes", "model": "contenttype"}}, {"model": "contenttypes.contenttype", "pk": 7, "fields": {"app_label": "sessions", "model": "session"}}, {"model": "contenttypes.contenttype", "pk": 8, "fields": {"app_label": "auth_main", "model": "profile"}}, {"model": "contenttypes.contenttype", "pk": 9, "fields": {"app_label": "auth_main", "model": "user"}}, {"model": "contenttypes.contenttype", "pk": 10, "fields": {"app_label": "core", "model": "userrelayrace"}}, {"model": "contenttypes.contenttype", "pk": 11, "fields": {"app_label": "core", "model": "relayrace"}}, {"model": "contenttypes.contenttype", "pk": 12, "fields": {"app_label": "core", "model": "teamrelationtouser"}}, {"model": "contenttypes.contenttype", "pk": 13, "fields": {"app_label": "core", "model": "relayraceteam"}}, {"model": "contenttypes.contenttype", "pk": 14, "fields": {"app_label": "core", "model": "distance"}}, {"model": "contenttypes.contenttype", "pk": 15, "fields": {"app_label": "core", "model": "competitionuser"}}, {"model": "contenttypes.contenttype", "pk": 16, "fields": {"app_label": "core", "model": "competition"}}, {"model": "contenttypes.contenttype", "pk": 17, "fields": {"app_label": "core", "model": "invitations"}}, {"model": "contenttypes.contenttype", "pk": 18, "fields": {"app_label": "core", "model": "userdistance"}}, {"model": "contenttypes.contenttype", "pk": 19, "fields": {"app_label": "core", "model": "competitionteam"}}, {"model": "contenttypes.contenttype", "pk": 20, "fields": {"app_label": "core", "model": "team"}}, {"model": "contenttypes.contenttype", "pk": 21, "fields": {"app_label": "auth_main", "model": "contactmessage"}}, {"model": "contenttypes.contenttype", "pk": 22, "fields": {"app_label": "competition", "model": "resultpoints"}}, {"model": "sessions.session", "pk": "03fc5bsdgfqpl8l3sa92120b4ggd2z5i", "fields": {"session_data": "MGFjOWVjOWFkZmRhNzBhZjlmMjczOGYxYjlhNjkxMzBmYjcwZjhhNDp7Il9hdXRoX3VzZXJfaGFzaCI6ImI4M2VmNjY5MDI1MzA2M2E1YWYwODUzMzlkNTIxOTYyMDIxN2EzZDQiLCJfYXV0aF91c2VyX2JhY2tlbmQiOiJkamFuZ28uY29udHJpYi5hdXRoLmJhY2tlbmRzLk1vZGVsQmFja2VuZCIsImxhbmd1YWdlIjoidWEiLCJfYXV0aF91c2VyX2lkIjoiMiJ9", "expire_date": "2018-05-13T19:19:00.504Z"}}, {"model": "sessions.session", "pk": "17xtzlfywgvm5t9xdo3kycqvenf6452u", "fields": {"session_data": "Mzk5ODBkNTk5MTJmOTQ3YWZlM2VhODFjZTI1ZDE0YWNkY2MyMTY0Yjp7Imxhbmd1YWdlIjoidWEifQ==", "expire_date": "2018-05-22T21:29:45.660Z"}}, {"model": "sessions.session", "pk": "1z3qjmajqqmwxdlvso41dwnwqfhc18wu", "fields": {"session_data": "NzRiODM2MjI2YmJmMjA5ODMzZGRiYzc3ODM2MWFjMTliZmMxYTFjNzp7Imxhbmd1YWdlIjoidWEiLCJfYXV0aF91c2VyX2lkIjoiMiIsIl9hdXRoX3VzZXJfYmFja2VuZCI6ImRqYW5nby5jb250cmliLmF1dGguYmFja2VuZHMuTW9kZWxCYWNrZW5kIiwiX2F1dGhfdXNlcl9oYXNoIjoiYjgzZWY2NjkwMjUzMDYzYTVhZjA4NTMzOWQ1MjE5NjIwMjE3YTNkNCJ9", "expire_date": "2018-05-20T12:51:25.217Z"}}, {"model": "sessions.session", "pk": "2kcskkvtyd1qbax0o6hw0zg6holg45x2", "fields": {"session_data": "MThiOTBmNmExNDYwOWVmNzg4NTQ1MjVhZjhhYmEzMzFhYjA1YjVmYjp7Il9hdXRoX3VzZXJfaWQiOiIyIiwiX2F1dGhfdXNlcl9oYXNoIjoiYjgzZWY2NjkwMjUzMDYzYTVhZjA4NTMzOWQ1MjE5NjIwMjE3YTNkNCIsImxhbmd1YWdlIjoidWEiLCJfYXV0aF91c2VyX2JhY2tlbmQiOiJkamFuZ28uY29udHJpYi5hdXRoLmJhY2tlbmRzLk1vZGVsQmFja2VuZCJ9", "expire_date": "2018-05-11T15:19:45.147Z"}}, {"model": "sessions.session", "pk": "3nf9e2rj0pmk2pyyjt2jnrwc9r1neupw", "fields": {"session_data": "OTFiYTE1MmZkYzZhM2E5YjJlNTQyMWQ0MTk3YzcxMDNiYjZjZWQ2Zjp7Il9hdXRoX3VzZXJfaWQiOiIyIiwiX2F1dGhfdXNlcl9iYWNrZW5kIjoiZGphbmdvLmNvbnRyaWIuYXV0aC5iYWNrZW5kcy5Nb2RlbEJhY2tlbmQiLCJsYW5ndWFnZSI6InVhIiwiX2F1dGhfdXNlcl9oYXNoIjoiYjgzZWY2NjkwMjUzMDYzYTVhZjA4NTMzOWQ1MjE5NjIwMjE3YTNkNCJ9", "expire_date": "2018-05-20T14:03:24.492Z"}}, {"model": "sessions.session", "pk": "59qewzc5e7w07r2l4394fv4t5cr06a4u", "fields": {"session_data": "Mzk5ODBkNTk5MTJmOTQ3YWZlM2VhODFjZTI1ZDE0YWNkY2MyMTY0Yjp7Imxhbmd1YWdlIjoidWEifQ==", "expire_date": "2018-05-13T15:27:47.012Z"}}, {"model": "sessions.session", "pk": "7cb4ywi35701vlt6qa2zbirr10bubu2p", "fields": {"session_data": "ZmE1MTU5MjQ2Y2U4YTAzZmJjNGVlNWM3ODhjMTcyMmM3NjFlMTVkYzp7Il9hdXRoX3VzZXJfYmFja2VuZCI6ImRqYW5nby5jb250cmliLmF1dGguYmFja2VuZHMuTW9kZWxCYWNrZW5kIiwiX2F1dGhfdXNlcl9pZCI6IjUiLCJfYXV0aF91c2VyX2hhc2giOiJhODUzOTQ0YThhYThlYjQ3Yzg3Yjc1Y2VkZjVhNzdhY2ZmODczNmQ4In0=", "expire_date": "2018-05-09T19:20:00.126Z"}}, {"model": "sessions.session", "pk": "7n16jgluws0ympoyytay8nipo4zjvyhk", "fields": {"session_data": "ODlmMmExNjE1YmYyODUwOTA3NjhkZDJlZjUwZGUyZmEzYjYyMDkyZTp7Il9hdXRoX3VzZXJfYmFja2VuZCI6ImRqYW5nby5jb250cmliLmF1dGguYmFja2VuZHMuTW9kZWxCYWNrZW5kIiwiX2F1dGhfdXNlcl9pZCI6IjIiLCJsYW5ndWFnZSI6InVhIiwiX2F1dGhfdXNlcl9oYXNoIjoiYjgzZWY2NjkwMjUzMDYzYTVhZjA4NTMzOWQ1MjE5NjIwMjE3YTNkNCJ9", "expire_date": "2018-05-11T11:14:12.734Z"}}, {"model": "sessions.session", "pk": "9pq6pt79urrsw98ijlv6pjpkzdgvinu7", "fields": {"session_data": "ZDNhMmZjY2QyZTlhZjVhYWRjNTNjMTVmODcxMWE2ZWRjNDE2YTM2NDp7Il9hdXRoX3VzZXJfaGFzaCI6ImI4M2VmNjY5MDI1MzA2M2E1YWYwODUzMzlkNTIxOTYyMDIxN2EzZDQiLCJfYXV0aF91c2VyX2JhY2tlbmQiOiJkamFuZ28uY29udHJpYi5hdXRoLmJhY2tlbmRzLk1vZGVsQmFja2VuZCIsInRlYW0iOjMsImxhbmd1YWdlIjoidWEiLCJfYXV0aF91c2VyX2lkIjoiMiJ9", "expire_date": "2018-05-27T13:21:18.089Z"}}, {"model": "sessions.session", "pk": "cbpoifh0uf3hvbukhnnxzlf8dugse2kl", "fields": {"session_data": "ZDNhMmZjY2QyZTlhZjVhYWRjNTNjMTVmODcxMWE2ZWRjNDE2YTM2NDp7Il9hdXRoX3VzZXJfaGFzaCI6ImI4M2VmNjY5MDI1MzA2M2E1YWYwODUzMzlkNTIxOTYyMDIxN2EzZDQiLCJfYXV0aF91c2VyX2JhY2tlbmQiOiJkamFuZ28uY29udHJpYi5hdXRoLmJhY2tlbmRzLk1vZGVsQmFja2VuZCIsInRlYW0iOjMsImxhbmd1YWdlIjoidWEiLCJfYXV0aF91c2VyX2lkIjoiMiJ9", "expire_date": "2018-05-23T17:50:24.310Z"}}, {"model": "sessions.session", "pk": "ciuke3176y3aykf5bbcc7fgi0yitq8p2", "fields": {"session_data": "NzYxZDdjYjgxYmZkYTliZTJkOTRjY2Q0OWQzMWZkZTZhNzk3M2VmODp7Il9hdXRoX3VzZXJfYmFja2VuZCI6ImRqYW5nby5jb250cmliLmF1dGguYmFja2VuZHMuTW9kZWxCYWNrZW5kIiwiX2F1dGhfdXNlcl9oYXNoIjoiYjgzZWY2NjkwMjUzMDYzYTVhZjA4NTMzOWQ1MjE5NjIwMjE3YTNkNCIsIl9hdXRoX3VzZXJfaWQiOiIyIiwibGFuZ3VhZ2UiOiJ1YSJ9", "expire_date": "2018-05-13T22:37:09.972Z"}}, {"model": "sessions.session", "pk": "dcdyi2fq5qidgj6zb6g58gzmy1u1l1fa", "fields": {"session_data": "MThiOTBmNmExNDYwOWVmNzg4NTQ1MjVhZjhhYmEzMzFhYjA1YjVmYjp7Il9hdXRoX3VzZXJfaWQiOiIyIiwiX2F1dGhfdXNlcl9oYXNoIjoiYjgzZWY2NjkwMjUzMDYzYTVhZjA4NTMzOWQ1MjE5NjIwMjE3YTNkNCIsImxhbmd1YWdlIjoidWEiLCJfYXV0aF91c2VyX2JhY2tlbmQiOiJkamFuZ28uY29udHJpYi5hdXRoLmJhY2tlbmRzLk1vZGVsQmFja2VuZCJ9", "expire_date": "2018-05-18T19:20:18.258Z"}}, {"model": "sessions.session", "pk": "deqja4ykl3ufs0151ir9n4g2nrveh3gw", "fields": {"session_data": "MTRhYmU4Y2FjNWI4Y2MxMTFlZDlmOWIyZjY4ZWYyOTJhMzBhZjkxMDp7Il9hdXRoX3VzZXJfYmFja2VuZCI6ImRqYW5nby5jb250cmliLmF1dGguYmFja2VuZHMuTW9kZWxCYWNrZW5kIiwiX2F1dGhfdXNlcl9pZCI6IjIiLCJfYXV0aF91c2VyX2hhc2giOiJiODNlZjY2OTAyNTMwNjNhNWFmMDg1MzM5ZDUyMTk2MjAyMTdhM2Q0In0=", "expire_date": "2018-05-11T06:55:27.400Z"}}, {"model": "sessions.session", "pk": "ftm2rw81p52p0zcb687usdky8xifvsmg", "fields": {"session_data": "MTMxMTJhZjFiNzk1ODU4YTllZTY5Yjk2MWMzN2QxZGE2MTNmZjQ2Zjp7Il9hdXRoX3VzZXJfaWQiOiIyIiwiX2F1dGhfdXNlcl9oYXNoIjoiYjgzZWY2NjkwMjUzMDYzYTVhZjA4NTMzOWQ1MjE5NjIwMjE3YTNkNCIsIl9hdXRoX3VzZXJfYmFja2VuZCI6ImRqYW5nby5jb250cmliLmF1dGguYmFja2VuZHMuTW9kZWxCYWNrZW5kIiwibGFuZ3VhZ2UiOiJ1YSJ9", "expire_date": "2018-05-18T16:44:00.979Z"}}, {"model": "sessions.session", "pk": "gi8poeno3mu3ngz6o1k8vz91unu0rqsf", "fields": {"session_data": "MDAyOTIyOTQ4ZjJjZmVkOTEyODRiNjdlYTlkZDMzZTIyN2EyYjQ0Zjp7Il9hdXRoX3VzZXJfaWQiOiIyIiwiX2F1dGhfdXNlcl9iYWNrZW5kIjoiZGphbmdvLmNvbnRyaWIuYXV0aC5iYWNrZW5kcy5Nb2RlbEJhY2tlbmQiLCJ0ZWFtIjozLCJsYW5ndWFnZSI6InVhIiwiX2F1dGhfdXNlcl9oYXNoIjoiYjgzZWY2NjkwMjUzMDYzYTVhZjA4NTMzOWQ1MjE5NjIwMjE3YTNkNCJ9", "expire_date": "2018-05-21T18:10:28.781Z"}}, {"model": "sessions.session", "pk": "jactsp0j33lg3gixko4ge2wajzj1jihg", "fields": {"session_data": "YmNjZjVjNGQyMjg1OTk5NGU3N2E5ODVlMDYxYjY4NjhjMzFmODdiNTp7Il9hdXRoX3VzZXJfaGFzaCI6ImI4M2VmNjY5MDI1MzA2M2E1YWYwODUzMzlkNTIxOTYyMDIxN2EzZDQiLCJ0ZWFtIjozLCJfYXV0aF91c2VyX2lkIjoiMiIsImxhbmd1YWdlIjoidWEiLCJfYXV0aF91c2VyX2JhY2tlbmQiOiJkamFuZ28uY29udHJpYi5hdXRoLmJhY2tlbmRzLk1vZGVsQmFja2VuZCJ9", "expire_date": "2018-05-31T21:16:04.469Z"}}, {"model": "sessions.session", "pk": "kacb89wm7q408cu1xghdvjwzkmthlpzq", "fields": {"session_data": "ODM4MmQ3OTMwZjA0OWI3OWZiMjI5NjgxMmFhOGZlMjFkYjQyNGVjYzp7Imxhbmd1YWdlIjoidWEiLCJfYXV0aF91c2VyX2hhc2giOiJmMTVhYWExNDM5YzVkMjdhNWNiMTBjMzk2ZDk1MWYzNTVmMzU4YzE2IiwiX2F1dGhfdXNlcl9pZCI6IjE2IiwiX2F1dGhfdXNlcl9iYWNrZW5kIjoiZGphbmdvLmNvbnRyaWIuYXV0aC5iYWNrZW5kcy5Nb2RlbEJhY2tlbmQifQ==", "expire_date": "2018-05-31T11:38:07.989Z"}}, {"model": "sessions.session", "pk": "knbfwlhm2qh4afytk41vu9zfm4eb0fm4", "fields": {"session_data": "MTMxMTJhZjFiNzk1ODU4YTllZTY5Yjk2MWMzN2QxZGE2MTNmZjQ2Zjp7Il9hdXRoX3VzZXJfaWQiOiIyIiwiX2F1dGhfdXNlcl9oYXNoIjoiYjgzZWY2NjkwMjUzMDYzYTVhZjA4NTMzOWQ1MjE5NjIwMjE3YTNkNCIsIl9hdXRoX3VzZXJfYmFja2VuZCI6ImRqYW5nby5jb250cmliLmF1dGguYmFja2VuZHMuTW9kZWxCYWNrZW5kIiwibGFuZ3VhZ2UiOiJ1YSJ9", "expire_date": "2018-05-13T21:35:12.304Z"}}, {"model": "sessions.session", "pk": "lrfkzx8ru8188s8ejx993chs8rqn78ho", "fields": {"session_data": "MGRiMGM0Njc0ZmRhZDhhZjA4ZjRlNThiMWU4OWFiMTUxODRjZWUxMTp7Imxhbmd1YWdlIjoidWEiLCJfYXV0aF91c2VyX2hhc2giOiJiODNlZjY2OTAyNTMwNjNhNWFmMDg1MzM5ZDUyMTk2MjAyMTdhM2Q0IiwiX2F1dGhfdXNlcl9pZCI6IjIiLCJfYXV0aF91c2VyX2JhY2tlbmQiOiJkamFuZ28uY29udHJpYi5hdXRoLmJhY2tlbmRzLk1vZGVsQmFja2VuZCJ9", "expire_date": "2018-05-13T17:46:54.748Z"}}, {"model": "sessions.session", "pk": "mo4vgqjw810yr4m83ik4p9nw19qvy0s7", "fields": {"session_data": "OTczYTUzMzIxMzA0NjljOTAzNzdjYTEyZGJhZjg5OTE1MjhjN2ZjYTp7Imxhbmd1YWdlIjoidWEiLCJfYXV0aF91c2VyX2hhc2giOiJiODNlZjY2OTAyNTMwNjNhNWFmMDg1MzM5ZDUyMTk2MjAyMTdhM2Q0IiwiX2F1dGhfdXNlcl9iYWNrZW5kIjoiZGphbmdvLmNvbnRyaWIuYXV0aC5iYWNrZW5kcy5Nb2RlbEJhY2tlbmQiLCJfYXV0aF91c2VyX2lkIjoiMiJ9", "expire_date": "2018-05-12T06:58:18.347Z"}}, {"model": "sessions.session", "pk": "nu6fc9rj8o58ivil3rvb2fg4rmqznsqs", "fields": {"session_data": "NGE5NTQ0MWJjY2ZlODUxNjFmZDgzYTJhZmUwNjE1NjUwOWFhNGU5ODp7Il9hdXRoX3VzZXJfaGFzaCI6ImI4M2VmNjY5MDI1MzA2M2E1YWYwODUzMzlkNTIxOTYyMDIxN2EzZDQiLCJfYXV0aF91c2VyX2lkIjoiMiIsIl9hdXRoX3VzZXJfYmFja2VuZCI6ImRqYW5nby5jb250cmliLmF1dGguYmFja2VuZHMuTW9kZWxCYWNrZW5kIn0=", "expire_date": "2018-05-09T23:09:09.769Z"}}, {"model": "sessions.session", "pk": "ouwk8usis1ydaut2y3s630tlzk9v57ur", "fields": {"session_data": "ZjYwODg3OTlkYWZhZDNkZDVjMGNjNTUwMzZmZDA2ZmFmNWQwYzk5ZDp7Il9hdXRoX3VzZXJfYmFja2VuZCI6ImRqYW5nby5jb250cmliLmF1dGguYmFja2VuZHMuTW9kZWxCYWNrZW5kIiwiX2F1dGhfdXNlcl9oYXNoIjoiYjgzZWY2NjkwMjUzMDYzYTVhZjA4NTMzOWQ1MjE5NjIwMjE3YTNkNCIsIl9hdXRoX3VzZXJfaWQiOiIyIn0=", "expire_date": "2018-05-11T06:42:29.302Z"}}, {"model": "sessions.session", "pk": "pe3j046d7a8cj9e4gunc15fi2egqacnp", "fields": {"session_data": "OTczYTUzMzIxMzA0NjljOTAzNzdjYTEyZGJhZjg5OTE1MjhjN2ZjYTp7Imxhbmd1YWdlIjoidWEiLCJfYXV0aF91c2VyX2hhc2giOiJiODNlZjY2OTAyNTMwNjNhNWFmMDg1MzM5ZDUyMTk2MjAyMTdhM2Q0IiwiX2F1dGhfdXNlcl9iYWNrZW5kIjoiZGphbmdvLmNvbnRyaWIuYXV0aC5iYWNrZW5kcy5Nb2RlbEJhY2tlbmQiLCJfYXV0aF91c2VyX2lkIjoiMiJ9", "expire_date": "2018-05-13T12:56:01.602Z"}}, {"model": "sessions.session", "pk": "rvoimgh4l5mg7415730momlvhflr7ggx", "fields": {"session_data": "N2RlNWViN2NjMzQ0MzI0YjJiNjQ0NjhiYmQ3MWRmOTAxMWQyNTQ0MTp7Il9hdXRoX3VzZXJfYmFja2VuZCI6ImRqYW5nby5jb250cmliLmF1dGguYmFja2VuZHMuTW9kZWxCYWNrZW5kIiwiX2F1dGhfdXNlcl9oYXNoIjoiYjgzZWY2NjkwMjUzMDYzYTVhZjA4NTMzOWQ1MjE5NjIwMjE3YTNkNCIsImxhbmd1YWdlIjoidWEiLCJfYXV0aF91c2VyX2lkIjoiMiJ9", "expire_date": "2018-05-20T20:54:09.856Z"}}, {"model": "sessions.session", "pk": "tyq6dt85vadigx95wy7u2t8a4rkgzimc", "fields": {"session_data": "MGYxNWEyZGE5MDA2MmNkYmQyMGUzZTIzZTIyZGRkMTcyZTUyMjgzNzp7Il9hdXRoX3VzZXJfYmFja2VuZCI6ImRqYW5nby5jb250cmliLmF1dGguYmFja2VuZHMuTW9kZWxCYWNrZW5kIiwiX2F1dGhfdXNlcl9pZCI6IjMiLCJsYW5ndWFnZSI6InVhIiwiX2F1dGhfdXNlcl9oYXNoIjoiMTdiYjhiOTdkNWM1NGJlMjM0OGZmZmQxMGI5MjQ2NWYzYmNiMjg2YSJ9", "expire_date": "2018-06-02T09:06:37.024Z"}}, {"model": "sessions.session", "pk": "wfdq0b8njllsg66we8ohzq1x7ij5901y", "fields": {"session_data": "YmU1YTIwZWQ0NDUwYTMwMWIwNGJhMDlhNDEwODE1Y2U0Yzk3ZjFhYzp7Il9hdXRoX3VzZXJfYmFja2VuZCI6ImRqYW5nby5jb250cmliLmF1dGguYmFja2VuZHMuTW9kZWxCYWNrZW5kIiwiX2F1dGhfdXNlcl9oYXNoIjoiYjgzZWY2NjkwMjUzMDYzYTVhZjA4NTMzOWQ1MjE5NjIwMjE3YTNkNCIsIl9hdXRoX3VzZXJfaWQiOiIyIiwibGFuZ3VhZ2UiOiJlbiJ9", "expire_date": "2018-05-20T11:41:33.043Z"}}, {"model": "sessions.session", "pk": "wjxn1qqbsxpmf1xfq2xytkoc470xl3je", "fields": {"session_data": "MTMxMTJhZjFiNzk1ODU4YTllZTY5Yjk2MWMzN2QxZGE2MTNmZjQ2Zjp7Il9hdXRoX3VzZXJfaWQiOiIyIiwiX2F1dGhfdXNlcl9oYXNoIjoiYjgzZWY2NjkwMjUzMDYzYTVhZjA4NTMzOWQ1MjE5NjIwMjE3YTNkNCIsIl9hdXRoX3VzZXJfYmFja2VuZCI6ImRqYW5nby5jb250cmliLmF1dGguYmFja2VuZHMuTW9kZWxCYWNrZW5kIiwibGFuZ3VhZ2UiOiJ1YSJ9", "expire_date": "2018-05-18T17:51:01.569Z"}}, {"model": "sessions.session", "pk": "wkfil2mcf7xtlnsuk2rqmp1g2s4tg21z", "fields": {"session_data": "ODgzNmMyNzBkOTNmY2MwYzgwNTQ1YzdiYjJiODhlMDI1MDE1Y2Y2Njp7Il9hdXRoX3VzZXJfaWQiOiIyIiwiX2F1dGhfdXNlcl9iYWNrZW5kIjoiZGphbmdvLmNvbnRyaWIuYXV0aC5iYWNrZW5kcy5Nb2RlbEJhY2tlbmQiLCJfYXV0aF91c2VyX2hhc2giOiJiODNlZjY2OTAyNTMwNjNhNWFmMDg1MzM5ZDUyMTk2MjAyMTdhM2Q0In0=", "expire_date": "2018-05-11T08:00:55.331Z"}}, {"model": "sessions.session", "pk": "yia0h5wcsvtuy3177tpfr6i9dfv2uhy4", "fields": {"session_data": "NjM1NmI4YjczZTcwMTk0ZjhhNWYyNGE0NTNmNzUxY2I3YTE2MjRhMjp7Il9hdXRoX3VzZXJfYmFja2VuZCI6ImRqYW5nby5jb250cmliLmF1dGguYmFja2VuZHMuTW9kZWxCYWNrZW5kIiwiX2F1dGhfdXNlcl9oYXNoIjoiYjgzZWY2NjkwMjUzMDYzYTVhZjA4NTMzOWQ1MjE5NjIwMjE3YTNkNCIsImxhbmd1YWdlIjoidWEiLCJfYXV0aF91c2VyX2lkIjoiMiIsInRlYW0iOjN9", "expire_date": "2018-05-31T22:16:59.416Z"}}, {"model": "sessions.session", "pk": "yioyv49xcoo87d0jo4vcxoer2f6npawd", "fields": {"session_data": "MGFjOWVjOWFkZmRhNzBhZjlmMjczOGYxYjlhNjkxMzBmYjcwZjhhNDp7Il9hdXRoX3VzZXJfaGFzaCI6ImI4M2VmNjY5MDI1MzA2M2E1YWYwODUzMzlkNTIxOTYyMDIxN2EzZDQiLCJfYXV0aF91c2VyX2JhY2tlbmQiOiJkamFuZ28uY29udHJpYi5hdXRoLmJhY2tlbmRzLk1vZGVsQmFja2VuZCIsImxhbmd1YWdlIjoidWEiLCJfYXV0aF91c2VyX2lkIjoiMiJ9", "expire_date": "2018-05-20T17:29:40.863Z"}}, {"model": "sessions.session", "pk": "z0ok4o3edk9wqt6ku75gyzemevhees49", "fields": {"session_data": "ZmE2MmZjN2RmY2VjNDBiZDBhYmViNjZmNWVlNjFkYWRmODE0NGYyZDp7Il9hdXRoX3VzZXJfYmFja2VuZCI6ImRqYW5nby5jb250cmliLmF1dGguYmFja2VuZHMuTW9kZWxCYWNrZW5kIiwiX2F1dGhfdXNlcl9oYXNoIjoiMDFmOTI5NDkzOWM3M2JlZGZmZWI1MWIzNDE2ZjQ1OTBjYTczMThjOCIsIl9hdXRoX3VzZXJfaWQiOiI0In0=", "expire_date": "2018-05-09T17:43:21.415Z"}}, {"model": "sessions.session", "pk": "ztsdzu3e6fi5dcsm7nh92o6eo1bmhnrn", "fields": {"session_data": "ZmU0ZTc5NDJhN2QyZTUwNGM2MDMxM2ZiMzgzMTBhYTM1YTM3MTBhMzp7Imxhbmd1YWdlIjoiZW4ifQ==", "expire_date": "2018-05-20T18:57:05.489Z"}}, {"model": "auth_main.user", "pk": 3, "fields": {"password": "pbkdf2_sha256$36000$6EDN7NPcJDfm$srY6gwoWUp5eJznpP8N0ejMQuYG64peix7zK+jFceB4=", "last_login": "2018-06-02T07:18:35.059Z", "email": "admin@admin.com", "first_name": "admin", "last_name": "admin", "created_at": "2018-05-09T16:39:45.537Z", "is_active": true, "is_admin": true}}, {"model": "auth_main.user", "pk": 14, "fields": {"password": "pbkdf2_sha256$36000$gYf5l67eyzTq$o5y1fGm5BO4V4cu6tDd2COaOZK8cQHQEcfzrLIJOTQg=", "last_login": "2018-05-11T18:07:16.561Z", "email": "Romaniokiev@gmail.com", "first_name": "\u0410\u043d\u0430\u0442\u043e\u043b\u0438\u0439", "last_name": "\u042f\u0445\u043d\u043e", "created_at": "2018-05-11T18:05:22.117Z", "is_active": true, "is_admin": false}}, {"model": "auth_main.user", "pk": 15, "fields": {"password": "pbkdf2_sha256$36000$B7N52hVB6Cia$Ptylj3ytDsKZuoDQ7Ch8ZfeHKokuNyEtpImNxGj0MI8=", "last_login": "2018-05-20T10:52:55.193Z", "email": "5555test55551@gmail.com", "first_name": "\u0419\u0435\u043d", "last_name": "\u0421\u043e\u043c\u0435\u0440", "created_at": "2018-05-11T20:54:22.098Z", "is_active": true, "is_admin": false}}, {"model": "auth_main.user", "pk": 16, "fields": {"password": "pbkdf2_sha256$36000$xwbZoCz0GoDd$1ExW4a2Y5rk7W0O8dij+d/CYIoQw7+BXQFKBCjGLSpM=", "last_login": "2018-05-25T13:16:28.248Z", "email": "brilyakovsvetlana@gmail.com", "first_name": "\u0421\u0432\u0456\u0442\u043b\u0430\u043d\u0430 ", "last_name": "\u0411\u0440\u0438\u043b\u044f\u043a\u043e\u0432\u0430 ", "created_at": "2018-05-11T21:49:46.718Z", "is_active": true, "is_admin": false}}, {"model": "auth_main.user", "pk": 17, "fields": {"password": "pbkdf2_sha256$36000$H8ptq9LTHcEV$p29cNMiexhMm6owKfcIb1qc0Lzt0EJUpreudJj5Q/kI=", "last_login": "2018-06-02T07:09:30.880Z", "email": "maks.yakovenko@gmail.com", "first_name": "\u041c\u0430\u043a\u0441\u0438\u043c", "last_name": "\u042f\u043a\u043e\u0432\u0435\u043d\u043a\u043e", "created_at": "2018-05-12T09:41:37.223Z", "is_active": true, "is_admin": false}}, {"model": "auth_main.user", "pk": 18, "fields": {"password": "pbkdf2_sha256$36000$EDXJEVaxXmlK$OfJoh6bQEnNHw+5HPOuT31hYO2PWntr5jQ+aJaBSxYw=", "last_login": "2018-05-31T04:16:13.951Z", "email": "ternura143@gmail.com", "first_name": "\u0410\u043d\u043d\u0430", "last_name": "\u0411\u0436\u0435\u043d\u0447\u0438\u0449\u0447\u0438\u043a\u0435\u0432\u0438\u0447", "created_at": "2018-05-12T10:07:05.663Z", "is_active": true, "is_admin": false}}, {"model": "auth_main.user", "pk": 19, "fields": {"password": "pbkdf2_sha256$36000$WjfjruPaExGN$q1u2ZOPVLpA+MntvM/NbB7KABvttFXFJKWs068qx8/s=", "last_login": "2018-06-01T20:06:05.336Z", "email": "styarko@gmail.com", "first_name": "\u041e\u043b\u0435\u043a\u0441\u0430\u043d\u0434\u0440", "last_name": "\u042f\u0440\u0435\u043c\u0435\u043d\u043a\u043e", "created_at": "2018-05-12T11:29:56.642Z", "is_active": true, "is_admin": false}}, {"model": "auth_main.user", "pk": 20, "fields": {"password": "pbkdf2_sha256$36000$9IR7nJrVoqTY$OUSJiujf1Gm0i0H9z5/ny94UIj4uBVtxs2v+76KQFdE=", "last_login": "2018-05-12T12:55:52.484Z", "email": "iw800@rambler.ru", "first_name": "\u0406\u0433\u043e\u0440", "last_name": "\u0421\u0430\u0432\u0447\u0435\u043d\u043a\u043e", "created_at": "2018-05-12T12:52:02.394Z", "is_active": true, "is_admin": false}}, {"model": "auth_main.user", "pk": 21, "fields": {"password": "pbkdf2_sha256$36000$tA2fpHxHO2iN$S2RmcEAWHnyghopjo9s8uszNBFeQGbaB+Gn29hMq7+M=", "last_login": "2018-05-15T10:31:26.476Z", "email": "idenwinst@gmail.com", "first_name": "\u0414\u0435\u043d\u0438\u0441", "last_name": "\u0411\u0438\u0447\u043a\u043e\u0432", "created_at": "2018-05-12T13:48:24.541Z", "is_active": true, "is_admin": false}}, {"model": "auth_main.user", "pk": 22, "fields": {"password": "pbkdf2_sha256$36000$ALgvn3YZBbWA$6ALVJileT8jTtXj8HKGn86Jp/7r/yOr1G0CWpIxzeXs=", "last_login": "2018-05-21T19:58:00.828Z", "email": "negrebetsky.is@gmail.com", "first_name": "\u0406\u0433\u043e\u0440", "last_name": "\u041d\u0435\u0433\u0440\u0435\u0431\u0435\u0446\u044c\u043a\u0438\u0439", "created_at": "2018-05-12T19:43:55.519Z", "is_active": true, "is_admin": false}}, {"model": "auth_main.user", "pk": 23, "fields": {"password": "pbkdf2_sha256$36000$UnxtFtd0YWhY$UIHDHn9zI0ULcNfADPmMm/AE8Kr6JGxJPIBZchm2S7g=", "last_login": "2018-05-31T11:13:02.347Z", "email": "svetlaja007@gmail.com", "first_name": "\u0421\u0432\u0456\u0442\u043b\u0430\u043d\u0430", "last_name": "\u0421\u043e\u0444\u0456\u044f\u043d\u0447\u0443\u043a ", "created_at": "2018-05-13T14:34:07.700Z", "is_active": true, "is_admin": false}}, {"model": "auth_main.user", "pk": 24, "fields": {"password": "pbkdf2_sha256$36000$Lyf2Pzbx6Uos$njiNMarlTu1tOiWGVT+s7xOIPqmKS4HxaOvnUTdcl7k=", "last_login": "2018-05-31T11:48:43.234Z", "email": "artemrano@gmail.com", "first_name": "\u0420\u043e\u043c\u0430\u043d", "last_name": "\u0410\u0440\u0442\u0435\u043c\u0435\u043d\u043a\u043e", "created_at": "2018-05-13T15:51:36.485Z", "is_active": true, "is_admin": false}}, {"model": "auth_main.user", "pk": 25, "fields": {"password": "pbkdf2_sha256$36000$3DQZZz5wwvDG$ZXf6h6KKUgqr39rdx+DmViUwSNEC7+bBzvUEb55+Q48=", "last_login": "2018-05-14T07:49:50.296Z", "email": "buch197850@gmail.com", "first_name": "\u041e\u043b\u0435\u043a\u0441\u0456\u0439", "last_name": "\u0411\u0443\u0445\u0430\u043d\u0446\u043e\u0432", "created_at": "2018-05-14T07:48:33.942Z", "is_active": true, "is_admin": false}}, {"model": "auth_main.user", "pk": 26, "fields": {"password": "pbkdf2_sha256$36000$sv1QgXPySruI$UNuRDsSc7I0BTUgD7GPJP0iAfj+ClvluJepxsT4AjpA=", "last_login": "2018-05-30T13:45:57.285Z", "email": "sergei.drapkin@snaige.net", "first_name": "\u0421\u0435\u0440\u0433\u0456\u0439", "last_name": "\u0414\u0440\u0430\u043f\u043a\u0438\u043d", "created_at": "2018-05-14T19:27:37Z", "is_active": true, "is_admin": false}}, {"model": "auth_main.user", "pk": 28, "fields": {"password": "pbkdf2_sha256$36000$b4U4zXwPWatr$Z48Ix5hqoS/9yYxbyWYOJlhfg5X6puFfGYwRS1DFqHc=", "last_login": "2018-05-16T07:55:44.970Z", "email": "snezhananikandrova@gmail.com", "first_name": "\u0421\u043d\u0456\u0436\u0430\u043d\u0430", "last_name": "\u041d\u0456\u043a\u0430\u043d\u0434\u0440\u043e\u0432\u0430", "created_at": "2018-05-15T08:53:02.434Z", "is_active": true, "is_admin": false}}, {"model": "auth_main.user", "pk": 29, "fields": {"password": "pbkdf2_sha256$36000$psgm5KPBAqja$J0TnQvft26MYPPi23vOz3kzzos3pAX4TDP2fmJ6UAI0=", "last_login": "2018-06-01T21:20:37.535Z", "email": "dilston@mail.ru", "first_name": "\u0410\u0440\u0442\u0443\u0440", "last_name": "\u041a\u043e\u0440\u043d\u0438\u0435\u0432\u0438\u0447", "created_at": "2018-05-15T09:43:32.291Z", "is_active": true, "is_admin": false}}, {"model": "auth_main.user", "pk": 31, "fields": {"password": "pbkdf2_sha256$36000$TcNzFZsa3Url$/gaakwkeRvF6i8xgSbTzuh9fTMqfcuMvdpc4OY2P7sY=", "last_login": "2018-05-25T12:29:11.499Z", "email": "karinashatoff@gmail.com", "first_name": "\u041a\u0430\u0440\u0438\u043d\u0430", "last_name": "\u0428\u0430\u0442\u043e\u0432\u0430", "created_at": "2018-05-16T19:54:26Z", "is_active": true, "is_admin": false}}, {"model": "auth_main.user", "pk": 32, "fields": {"password": "pbkdf2_sha256$36000$sRyummpS67f4$MtUlbROEEdaCdyfIXMDI/aoc+99Dh66hQtC0v6g0JmM=", "last_login": "2018-05-18T16:47:56.107Z", "email": "artembutovych@gmail.com", "first_name": "\u0410\u0440\u0442\u0435\u043c", "last_name": "\u0411\u0443\u0442\u043e\u0432\u0438\u0447", "created_at": "2018-05-18T14:22:05.102Z", "is_active": true, "is_admin": false}}, {"model": "auth_main.user", "pk": 33, "fields": {"password": "pbkdf2_sha256$36000$s8pMYLKWqpKT$0FSUTSxsmwpD8W8nZP/QwOmGrnzNy043qmwSVbmNAU4=", "last_login": "2018-05-20T11:58:47.336Z", "email": "yaremastudio@gmail.com", "first_name": "\u0421\u0435\u0440\u0433\u0456\u0439", "last_name": "\u042f\u0440\u0435\u043c\u0435\u043d\u043a\u043e", "created_at": "2018-05-19T07:27:10.066Z", "is_active": true, "is_admin": false}}, {"model": "auth_main.user", "pk": 34, "fields": {"password": "pbkdf2_sha256$36000$2CR5crwRmclM$wrkTJxx/Av7uZVm2Bjowf2m4IFTpPincn2oxN0ax9to=", "last_login": "2018-05-25T04:54:50.993Z", "email": "masha.yacina@gmail.com", "first_name": "\u041c\u0430\u0440\u0456\u044f", "last_name": "\u042f\u0446\u0438\u043d\u0430", "created_at": "2018-05-21T07:22:00.087Z", "is_active": true, "is_admin": false}}, {"model": "auth_main.user", "pk": 36, "fields": {"password": "pbkdf2_sha256$36000$EbPht37fbOFb$uRIpH27dnqk+zOnWHbOHzwTrF1dlOVuMItWn0/9aKx8=", "last_login": "2018-05-25T19:20:02.169Z", "email": "myx17@rambler.ru", "first_name": "\u041c\u0438\u0445\u0430\u0439\u043b\u043e", "last_name": "\u041c\u0430\u043d\u0434\u0440\u0438\u043a\u0430", "created_at": "2018-05-21T13:57:57.311Z", "is_active": true, "is_admin": false}}, {"model": "auth_main.user", "pk": 37, "fields": {"password": "pbkdf2_sha256$36000$ReaYcWbe26hT$exYp0oV1TdjRn5TDL9KU7hfwJB5IjkJt+eyLgRiU684=", "last_login": "2018-05-21T19:45:34.734Z", "email": "klimkomykola@gmail.com", "first_name": "\u041c\u0438\u043a\u043e\u043b\u0430", "last_name": "\u041a\u043b\u0438\u043c\u043a\u043e ", "created_at": "2018-05-21T19:37:27.189Z", "is_active": true, "is_admin": false}}, {"model": "auth_main.user", "pk": 38, "fields": {"password": "pbkdf2_sha256$36000$7H06ISU6Z7qF$tx+e7YZGUd0JxiF9bDxvreChH5DStVaG5k1564HemXQ=", "last_login": "2018-05-23T07:33:00.247Z", "email": "victorivanov1803@gmail.com", "first_name": "\u0412\u0456\u043a\u0442\u043e\u0440 ", "last_name": "\u0406\u0432\u0430\u043d\u043e\u0432 ", "created_at": "2018-05-23T07:23:21.342Z", "is_active": true, "is_admin": false}}, {"model": "auth_main.user", "pk": 39, "fields": {"password": "pbkdf2_sha256$36000$BNIDHYHeuQII$lEpKpqHsrnNP5vKWJXYUjj4aQcbfXILq+VYz+LfJHvY=", "last_login": null, "email": "fed_bn@ukr.net", "first_name": "\u0411\u043e\u0433\u0434\u0430\u043d", "last_name": "\u0424\u0435\u0434\u044f\u0439", "created_at": "2018-05-23T16:20:19.961Z", "is_active": true, "is_admin": false}}, {"model": "auth_main.user", "pk": 40, "fields": {"password": "pbkdf2_sha256$36000$m4UqUiBm0T3K$PumXSDcdlIl3rcqUf52g6G7gB33d3atPaUW96IFu/AM=", "last_login": null, "email": "porovaj-dima@ukr.net", "first_name": "\u0414\u043c\u0438\u0442\u0440\u043e", "last_name": "\u041f\u043e\u0440\u043e\u0432\u0430\u0439", "created_at": "2018-05-24T12:18:32.636Z", "is_active": true, "is_admin": false}}, {"model": "auth_main.user", "pk": 41, "fields": {"password": "pbkdf2_sha256$36000$p7r9aVDzlwsV$WZCdQoUrHinRp5xa/WkcrNsRlTLskUfh2mLttNz3T2k=", "last_login": null, "email": "dardik@ua.fm", "first_name": "\u0421\u0435\u0440\u0433\u0456\u0439", "last_name": "\u0414\u043e\u0440\u0434\u0438\u0435\u043d\u043a\u043e", "created_at": "2018-05-24T12:31:58Z", "is_active": true, "is_admin": false}}, {"model": "auth_main.user", "pk": 42, "fields": {"password": "pbkdf2_sha256$36000$YI2RDPIn5XrB$c58Iu5U/u+PsbFkuixNkiqsRiDUHc3tBEqX+RqTa81M=", "last_login": "2018-05-24T20:10:10.957Z", "email": "borovikov.s@gmail.com", "first_name": "\u0421\u0435\u0440\u0433\u0435\u0439", "last_name": "\u0411\u043e\u0440\u043e\u0432\u0438\u043a\u043e\u0432", "created_at": "2018-05-24T19:44:49.583Z", "is_active": true, "is_admin": false}}, {"model": "auth_main.user", "pk": 43, "fields": {"password": "pbkdf2_sha256$36000$E5Ly9zT0MEU2$p0y0YwAKxyt32VV4fn7z/z6DTgRjDQMVntIh77JtY7o=", "last_login": "2018-05-25T12:43:53.342Z", "email": "korol_volodymyr@ukr.net", "first_name": "\u0412\u043e\u043b\u043e\u0434\u0438\u043c\u0438\u0440", "last_name": "\u041a\u043e\u0440\u043e\u043b\u044c", "created_at": "2018-05-24T20:16:51Z", "is_active": true, "is_admin": false}}, {"model": "auth_main.user", "pk": 44, "fields": {"password": "pbkdf2_sha256$36000$UYk1GoH7UVqB$z2kJhPiVby62k6I0zLIlKaObM2TDxFUDHZ1iD9HfH1o=", "last_login": "2018-05-25T11:27:09.792Z", "email": "maksim.vlasenko@gmail.com", "first_name": "\u041c\u0430\u043a\u0441\u0438\u043c", "last_name": "\u0412\u043b\u0430\u0441\u0435\u043d\u043a\u043e", "created_at": "2018-05-25T11:25:40.269Z", "is_active": true, "is_admin": false}}, {"model": "auth_main.user", "pk": 45, "fields": {"password": "pbkdf2_sha256$36000$jqGBFMWmPABa$gjPYIDn/ypLdI+x02afoqCEqfVCFRPK3SYE2X+KCf6k=", "last_login": null, "email": "vahha83@ukr.net", "first_name": "\u0414\u043c\u0438\u0442\u0440\u043e", "last_name": "\u0412\u0430\u0449e\u043d\u043a\u043e", "created_at": "2018-05-25T13:41:30.563Z", "is_active": true, "is_admin": false}}, {"model": "auth_main.user", "pk": 46, "fields": {"password": "pbkdf2_sha256$36000$wwJx9nwhhXru$BhL0SV/UtvaVXrmLAOqMP3KzNB5QerJlHR+/uaVH5dY=", "last_login": "2018-05-31T20:29:38.182Z", "email": "vmdocua@yahoo.com", "first_name": "\u0412\u0430\u0434\u0438\u043c", "last_name": "\u041c\u0435\u043b\u044c\u043d\u0438\u043a", "created_at": "2018-05-25T13:59:16.544Z", "is_active": true, "is_admin": false}}, {"model": "auth_main.user", "pk": 47, "fields": {"password": "pbkdf2_sha256$36000$OzmfKyEYmuxn$SEWOp2SyQAK+lqO7WuOj/akGlInxkIka7/nOgEnuLJA=", "last_login": "2018-05-25T17:29:49.484Z", "email": "valpetryn@gmail.com", "first_name": "\u0412\u0430\u043b\u0435\u0440\u0456\u0439", "last_name": "\u041d\u0435\u043c\u0447\u0435\u043d\u043a\u043e", "created_at": "2018-05-25T16:08:49.925Z", "is_active": true, "is_admin": false}}, {"model": "auth_main.user", "pk": 48, "fields": {"password": "pbkdf2_sha256$36000$Ao3HRoVmGXX6$1zkk58XV3fyKBwpM6U4CVw95lSNruJrWVWNS3OFv4mQ=", "last_login": "2018-05-25T17:14:07.625Z", "email": "kadirovaolena@gmail.com", "first_name": " \u041e\u043b\u0435\u043d\u0430", "last_name": "\u041a\u0430\u0434\u0438\u0440\u043e\u0432\u0430", "created_at": "2018-05-25T17:13:57.057Z", "is_active": true, "is_admin": false}}, {"model": "auth_main.user", "pk": 49, "fields": {"password": "pbkdf2_sha256$36000$JCnUKQRvPpSU$PpKuBzq/kOsFzkSwZBsxA/Bh0jyY3vBD2jCj2TNyCww=", "last_login": "2018-05-25T17:31:25.396Z", "email": "matkovskyjuriy@gmail.com", "first_name": "\u042e\u0440\u0456\u0439 ", "last_name": "\u041c\u0430\u0442\u043a\u043e\u0432\u0441\u044c\u043a\u0438\u0439 ", "created_at": "2018-05-25T17:31:15.834Z", "is_active": true, "is_admin": false}}, {"model": "auth_main.user", "pk": 50, "fields": {"password": "pbkdf2_sha256$36000$NM5yFf0UOLrx$u94iFlCub0ksJYKZ9/spxm+UKFL+OdUX4mL0FW9HwSk=", "last_login": "2018-05-25T17:44:18.611Z", "email": "tupitsyayuriy@gmail.com", "first_name": "\u042e\u0440\u0456\u0439", "last_name": "\u0422\u0443\u043f\u0438\u0446\u044f ", "created_at": "2018-05-25T17:43:49.552Z", "is_active": true, "is_admin": false}}, {"model": "auth_main.user", "pk": 51, "fields": {"password": "pbkdf2_sha256$36000$DtkipLU4zZay$ejkF8PgFBdCY4bv5asFdSH1FmnML+wb9oi7Vzm9EPnk=", "last_login": "2018-05-25T17:53:30.010Z", "email": "boykoviktor923@gmail.com", "first_name": "\u0412\u0456\u043a\u0442\u043e\u0440", "last_name": "\u0411\u043e\u0439\u043a\u043e ", "created_at": "2018-05-25T17:53:21Z", "is_active": true, "is_admin": false}}, {"model": "auth_main.user", "pk": 52, "fields": {"password": "pbkdf2_sha256$36000$w1Zm2b9NKN1n$07umZQZpeQtrEfKk2XDjSuei9Ig631HDG4yQsxWGRV0=", "last_login": "2018-05-26T13:08:59Z", "email": "pavelbu89@gmail.com", "first_name": "\u041f\u0430\u0432\u0435\u043b", "last_name": "\u0411\u0443\u0434\u0430\u0435\u0432\u0441\u043a\u0438\u0439", "created_at": "2018-05-26T13:05:31Z", "is_active": true, "is_admin": false}}, {"model": "auth_main.user", "pk": 53, "fields": {"password": "pbkdf2_sha256$36000$rYaein8v3MX4$XujJ9JWorGr1sZksI8scVlfch7yUlcqfnp1Jm4o8jLM=", "last_login": "2018-05-26T18:24:11.246Z", "email": "oleksijkireev@gmail.com", "first_name": "\u041e\u043b\u0435\u043a\u0441\u0456\u0439 ", "last_name": "\u041a\u0456\u0440\u0454\u0454\u0432 ", "created_at": "2018-05-26T18:02:39.619Z", "is_active": true, "is_admin": false}}, {"model": "auth_main.user", "pk": 54, "fields": {"password": "pbkdf2_sha256$36000$MDANCGQgifLi$PliIQY10am/mp1fXQ0rF8jQ9x1K1JuHmRrcI9KH0Suw=", "last_login": "2018-05-26T21:37:48.859Z", "email": "BalandinOleksiy@gmail.com", "first_name": "\u041e\u043b\u0435\u043a\u0441\u0456\u0439", "last_name": "\u0411\u0430\u043b\u0430\u043d\u0434\u0456\u043d ", "created_at": "2018-05-26T21:08:37.384Z", "is_active": true, "is_admin": false}}, {"model": "auth_main.user", "pk": 55, "fields": {"password": "pbkdf2_sha256$36000$QsyHy30AiwnZ$PpzUrx1UdJAQzBsiRTjG2Gn0xDy5rLbI5vS8I8gWLAU=", "last_login": "2018-05-26T21:36:21.163Z", "email": "elmartienko@ukr.net", "first_name": " \u0404\u0432\u0433\u0435\u043d", "last_name": "\u041c\u0430\u0440\u0442\u0456\u0454\u043d\u043a\u043e", "created_at": "2018-05-26T21:11:46.322Z", "is_active": true, "is_admin": false}}, {"model": "auth_main.user", "pk": 56, "fields": {"password": "pbkdf2_sha256$36000$ieiEPG89UoJ3$k2mmZAOupzhESHHmMjVmOwYAAfVwiXsSIVSZV510qVE=", "last_login": "2018-05-26T21:38:09.143Z", "email": "BidunNatalia@gmail.com", "first_name": "\u041d\u0430\u0442\u0430\u043b\u0456\u044f", "last_name": "\u0411\u0456\u0434\u0443\u043d ", "created_at": "2018-05-26T21:23:32.359Z", "is_active": true, "is_admin": false}}, {"model": "auth_main.user", "pk": 57, "fields": {"password": "pbkdf2_sha256$36000$wsO9nVu35tJU$Wc34Mt25WKfKrZX6gzM/PjouI54p/ooLJX0XXFCie7k=", "last_login": "2018-05-26T21:38:30.363Z", "email": "DmitrovSergey@gmail.com", "first_name": "\u0421\u0435\u0440\u0433\u0456\u0439", "last_name": "\u0414\u043c\u0456\u0442\u0440\u043e\u0432 ", "created_at": "2018-05-26T21:24:44.201Z", "is_active": true, "is_admin": false}}, {"model": "auth_main.user", "pk": 58, "fields": {"password": "pbkdf2_sha256$36000$jGADe2viPQu9$8MnBIm2/pe53OiTEE6aBPrllEFGDv+ZHdCBYSnZanDM=", "last_login": "2018-05-26T21:38:53.535Z", "email": "MarikutTina@gmail.com", "first_name": "\u0422\u0438\u043d\u0430", "last_name": "\u041c\u0430\u0440\u0438\u043a\u0443\u0446\u0430 ", "created_at": "2018-05-26T21:25:45.725Z", "is_active": true, "is_admin": false}}, {"model": "auth_main.user", "pk": 59, "fields": {"password": "pbkdf2_sha256$36000$4YsmqRuhXyGy$MzJVB/OIT2vFBBZ6ZwHKdUt/EHtQtzFTC1xGr+sSOv0=", "last_login": "2018-05-27T09:49:52Z", "email": "ZhornikVladimir@gmail.com", "first_name": "\u0412\u043e\u043b\u043e\u0434\u0438\u043c\u0438\u0440", "last_name": "\u0416\u043e\u0440\u043d\u0438\u043a", "created_at": "2018-05-27T09:06:14Z", "is_active": true, "is_admin": false}}, {"model": "auth_main.user", "pk": 60, "fields": {"password": "pbkdf2_sha256$36000$X9zg6QfTnJln$cyR9KP2zLh/q7l6zNCVmY5SVr91c6U7T/gqVePTqE0c=", "last_login": "2018-06-01T18:59:23.752Z", "email": "andremagnat@ukr.net", "first_name": "\u0410\u043d\u0434\u0440\u0456\u0439", "last_name": "\u041b\u0438\u0441\u0435\u043d\u043a\u043e ", "created_at": "2018-05-27T12:52:13.478Z", "is_active": true, "is_admin": false}}, {"model": "auth_main.user", "pk": 61, "fields": {"password": "pbkdf2_sha256$36000$WHzi6m2PX46y$wCRi11+8FJdjwz/XhovI8AlTp0C//NPpKosnifaWITs=", "last_login": "2018-05-29T16:35:14.962Z", "email": "PechenyukVladimir@gmail.com", "first_name": "\u0412\u043e\u043b\u043e\u0434\u0438\u043c\u0438\u0440", "last_name": "\u041f\u0435\u0447\u0435\u043d\u044e\u043a ", "created_at": "2018-05-27T12:57:46.653Z", "is_active": true, "is_admin": false}}, {"model": "auth_main.user", "pk": 62, "fields": {"password": "pbkdf2_sha256$36000$PR8RUBtshoMy$4HduJO4bK92LFBJBLz8ZRul5GltFrkrgUo+P1XD6bZM=", "last_login": "2018-05-29T16:33:32.630Z", "email": "EpishchenkoSergey@gmail.com", "first_name": "\u0421\u0435\u0440\u0433\u0456\u0439", "last_name": "\u0415\u043f\u0456\u0449\u0435\u043d\u043a\u043e", "created_at": "2018-05-27T13:01:37.887Z", "is_active": true, "is_admin": false}}, {"model": "auth_main.user", "pk": 63, "fields": {"password": "pbkdf2_sha256$36000$e5MeI0xGH4cs$VteckIlc40FZp1fuc+XBwflUt+tlJQJFWNCFJG/7fOs=", "last_login": "2018-05-29T16:32:37.137Z", "email": "VedernikovVladislav@gmail.com", "first_name": "\u0412\u043b\u0430\u0434\u0438\u0441\u043b\u0430\u0432", "last_name": "\u0412\u0435\u0434\u0435\u0440\u043d\u0438\u043a\u043e\u0432 ", "created_at": "2018-05-27T13:04:54.314Z", "is_active": true, "is_admin": false}}, {"model": "auth_main.user", "pk": 64, "fields": {"password": "pbkdf2_sha256$36000$qH8KPy3HButI$quMm2ul3CUHL/OYbv8pIw3CpcRTOwqrhgsBKaDu/49I=", "last_login": "2018-05-29T16:31:36.835Z", "email": "DrigolaGennady@gmail.com", "first_name": "\u0413\u0435\u043d\u043d\u0430\u0434\u0456\u0439", "last_name": "\u0414\u0440\u0438\u0433\u043e\u043b\u0430", "created_at": "2018-05-27T13:08:37.292Z", "is_active": true, "is_admin": false}}, {"model": "auth_main.user", "pk": 65, "fields": {"password": "pbkdf2_sha256$36000$Fv2JpeRV2xUQ$46cqljSNerLqdeCBmXE60OTQY113SzgcaQBnRwY3juk=", "last_login": "2018-05-27T18:47:04.930Z", "email": "lazymail@i.ua", "first_name": "\u041e\u043b\u0435\u043a\u0441\u0430\u043d\u0434\u0440", "last_name": "\u041b\u0456\u043d\u0438\u0432\u0438\u0439", "created_at": "2018-05-27T18:46:39.357Z", "is_active": true, "is_admin": false}}, {"model": "auth_main.user", "pk": 66, "fields": {"password": "pbkdf2_sha256$36000$BilYy6UPbofE$8m24S0Trw2NaSePFQlHnqj28V5V4rW68M5b3g6NSnoA=", "last_login": "2018-05-29T14:11:13.141Z", "email": "bog-ksu@bigmir.net", "first_name": "\u041e\u043b\u0435\u043a\u0441\u0456\u0439", "last_name": "\u0421\u043e\u043a\u043e\u043b\u043e\u0432", "created_at": "2018-05-27T19:01:13Z", "is_active": true, "is_admin": false}}, {"model": "auth_main.user", "pk": 67, "fields": {"password": "pbkdf2_sha256$36000$ymqZNjSQBa1N$oUuDAeUV7FOzeuPI7O7HoF71dahZ4E+v9az1omBBIP4=", "last_login": "2018-05-30T21:31:53.023Z", "email": "YaremchukMaria@gmail.com", "first_name": "\u041c\u0430\u0440\u0456\u044f", "last_name": "\u042f\u0440\u0435\u043c\u0447\u0443\u043a ", "created_at": "2018-05-29T13:48:11.745Z", "is_active": true, "is_admin": false}}, {"model": "auth_main.user", "pk": 68, "fields": {"password": "pbkdf2_sha256$36000$Y7vgIp4ga8ev$j41zx8BRIv1bBSy/dv3U6UjcZ2E19f19L3dcbXyOVlA=", "last_login": "2018-05-29T14:00:32.094Z", "email": "VvedenskyRostislav@gmail.com", "first_name": "\u0420\u043e\u0441\u0442\u0438\u0441\u043b\u0430\u0432", "last_name": "\u0412\u0432\u0435\u0434\u0435\u043d\u0441\u044c\u043a\u0438\u0439 ", "created_at": "2018-05-29T13:59:29.612Z", "is_active": true, "is_admin": false}}, {"model": "auth_main.user", "pk": 69, "fields": {"password": "pbkdf2_sha256$36000$hlTgJ8GHuoo1$ydLc2LvGv0NcNtGnRW7AFyVushbpvFFzdIuhY1umpg0=", "last_login": "2018-05-29T14:13:14.622Z", "email": "DechtiarenkoMikhailo@gmail.com", "first_name": "\u041c\u0438\u0445\u0430\u0439\u043b\u043e", "last_name": "\u0414\u0435\u0445\u0442\u044f\u0440\u0435\u043d\u043a\u043e", "created_at": "2018-05-29T14:13:07.089Z", "is_active": true, "is_admin": false}}, {"model": "auth_main.user", "pk": 70, "fields": {"password": "pbkdf2_sha256$36000$t0VMEB28S9BM$gO3BWQLLC8RjyMyn0qNnOkkisrZ5CZ9yQKAvVitt9QA=", "last_login": "2018-05-29T14:19:51.286Z", "email": "SadovskyVadim@gmail.com", "first_name": "\u0412\u0430\u0434\u0438\u043c", "last_name": "\u0421\u0430\u0434\u043e\u0432\u0441\u044c\u043a\u0438\u0439 ", "created_at": "2018-05-29T14:19:07.726Z", "is_active": true, "is_admin": false}}, {"model": "auth_main.user", "pk": 71, "fields": {"password": "pbkdf2_sha256$36000$t47NkrqfW2tb$xMXNhmV7CfODYr2+askVHUEXIErxlEanyrmumdneQyc=", "last_login": "2018-05-29T14:29:33.679Z", "email": "ChalovAndrey@gmail.com", "first_name": "\u0410\u043d\u0434\u0440\u0456\u0439", "last_name": "\u0427\u0430\u043b\u043e\u0432 ", "created_at": "2018-05-29T14:29:24.532Z", "is_active": true, "is_admin": false}}, {"model": "auth_main.user", "pk": 72, "fields": {"password": "pbkdf2_sha256$36000$wOyroRjUlBkE$X7jm9av/ZkaQ2SYjZY4u+McoScsK9Y7N6vQUSutHuCI=", "last_login": "2018-05-29T14:45:12.335Z", "email": "VolodymyrVorzheinov@gmail.com", "first_name": "\u0412\u043e\u043b\u043e\u0434\u0438\u043c\u0438\u0440 ", "last_name": "\u0412\u043e\u0440\u0436\u0435\u0438\u043d\u043e\u0432", "created_at": "2018-05-29T14:45:02.378Z", "is_active": true, "is_admin": false}}, {"model": "auth_main.user", "pk": 73, "fields": {"password": "pbkdf2_sha256$36000$3ITbh7vbJktw$hZUxpokxESdJzrmYr+qJD/uHrhD7sYIv96Ki3CMo7Ig=", "last_login": "2018-06-01T18:47:05.111Z", "email": "SamoilenkoYevgen@gmail.com", "first_name": "\u0404\u0432\u0433\u0435\u043d", "last_name": "\u0421\u0430\u043c\u043e\u0439\u043b\u0435\u043d\u043a\u043e ", "created_at": "2018-05-29T14:55:50.131Z", "is_active": true, "is_admin": false}}, {"model": "auth_main.user", "pk": 74, "fields": {"password": "pbkdf2_sha256$36000$lRBXvzZ3HqO8$xHXHNFlypg5CfSuJlJ/j3jUqoSASA2XSOSxISkOzdOI=", "last_login": "2018-05-30T19:20:37.552Z", "email": "SwatukhaOlga@gmail.com", "first_name": "\u041e\u043b\u044c\u0433\u0430 ", "last_name": "\u0421\u0432\u0430\u0442\u0443\u0445\u0430 ", "created_at": "2018-05-29T15:22:35.545Z", "is_active": true, "is_admin": false}}, {"model": "auth_main.user", "pk": 75, "fields": {"password": "pbkdf2_sha256$36000$EVa1cFTsompG$Z09VUjQmiTPDE3fEarbzxwR74Uq7IkGG2qGlvAUvFm8=", "last_login": "2018-05-29T15:43:17.037Z", "email": "PonomaryovMikhailo@gmail.com", "first_name": "\u041c\u0438\u0445\u0430\u0439\u043b\u043e ", "last_name": "\u041f\u043e\u043d\u043e\u043c\u0430\u0440\u044c\u043e\u0432 ", "created_at": "2018-05-29T15:37:48.528Z", "is_active": true, "is_admin": false}}, {"model": "auth_main.user", "pk": 76, "fields": {"password": "pbkdf2_sha256$36000$xMcuTZII02tt$joKnfNBAh59HWm/LbuYTFseNG7IDy2jqJyFpYZzq5/8=", "last_login": "2018-06-01T19:05:46.453Z", "email": "AndriyChubatyuk@gmail.com", "first_name": "\u0410\u043d\u0434\u0440\u0456\u0439 ", "last_name": "\u0427\u0443\u0431\u0430\u0442\u044e\u043a ", "created_at": "2018-05-29T15:43:07.261Z", "is_active": true, "is_admin": false}}, {"model": "auth_main.user", "pk": 77, "fields": {"password": "pbkdf2_sha256$36000$dEonubteKAg9$BN1fzf1i7qBRJ54yWBbAyfobVyYVhX5uU/qDQf1ctNU=", "last_login": "2018-05-29T16:30:18.265Z", "email": "ShkarlettAlexander@gmail.com", "first_name": "\u041e\u043b\u0435\u043a\u0441\u0430\u043d\u0434\u0440", "last_name": "\u0428\u043a\u0430\u0440\u043b\u0435\u0442 ", "created_at": "2018-05-29T16:08:37.518Z", "is_active": true, "is_admin": false}}, {"model": "auth_main.user", "pk": 78, "fields": {"password": "pbkdf2_sha256$36000$NIVxYQfOKW0y$h+76pJoMWsy4UPfkMA4XVCOd5L4oWfo0LXZmjC368uY=", "last_login": "2018-05-29T16:28:53.551Z", "email": "MurashkoValery@gmail.com", "first_name": "\u0412\u0430\u043b\u0435\u0440\u0456\u0439", "last_name": "\u041c\u0443\u0440\u0430\u0448\u043a\u043e", "created_at": "2018-05-29T16:14:06.541Z", "is_active": true, "is_admin": false}}, {"model": "auth_main.user", "pk": 79, "fields": {"password": "pbkdf2_sha256$36000$i1hrySaX58fs$uRZgj08bidYpnUG/9rgtzWHwC8OA+k33gebqckh5qL4=", "last_login": "2018-05-29T16:28:09.909Z", "email": "BocharovVladimir@gmail.com", "first_name": "\u0412\u043e\u043b\u043e\u0434\u0438\u043c\u0438\u0440", "last_name": "\u0411\u043e\u0447\u0430\u0440\u043e\u0432", "created_at": "2018-05-29T16:18:55.527Z", "is_active": true, "is_admin": false}}, {"model": "auth_main.user", "pk": 80, "fields": {"password": "pbkdf2_sha256$36000$LeEaBGZ9cvYc$wjtcTDDxdVeY3Lt7qpZ01qZwADMLRik9wna5YBWtXwA=", "last_login": "2018-05-29T16:23:19.009Z", "email": "PergamonovSergey@gmail.com", "first_name": "\u0421\u0435\u0440\u0433\u0456\u0439", "last_name": "\u041f\u0430\u0440\u0433\u0430\u043c\u043e\u043d\u043e\u0432", "created_at": "2018-05-29T16:23:01.281Z", "is_active": true, "is_admin": false}}, {"model": "auth_main.user", "pk": 81, "fields": {"password": "pbkdf2_sha256$36000$FJk2VmEpq8FY$/neBQBMPUalTkrG+0txFKQbV/p3C4hq4juC0g+VzS8s=", "last_login": "2018-05-30T08:47:15.146Z", "email": "rusikbondarenko3@gmail.com", "first_name": "\u0420\u0443\u0441\u043b\u0430\u043d", "last_name": "\u0411\u043e\u043d\u0434\u0430\u0440\u0435\u043d\u043a\u043e", "created_at": "2018-05-29T17:40:42.985Z", "is_active": true, "is_admin": false}}, {"model": "auth_main.user", "pk": 83, "fields": {"password": "pbkdf2_sha256$36000$vnEFkAkayXul$VjAEJiowWpd3gCLoS8xOaLOlFGSu0BigEoazeocIEZE=", "last_login": "2018-05-31T20:00:05.995Z", "email": "Verbickij12.11.1985@ukr.net", "first_name": "\u0412\u0456\u0442\u0430\u043b\u0456\u0439", "last_name": "\u0412\u0435\u0440\u0431\u0438\u0446\u044c\u043a\u0438\u0439", "created_at": "2018-05-29T20:23:30.812Z", "is_active": true, "is_admin": false}}, {"model": "auth_main.user", "pk": 84, "fields": {"password": "pbkdf2_sha256$36000$8g3ItERDieS5$/SFNaHqCfQu1B3wjIgZ/lqVHrgwE75YWWoWe9qLPfUA=", "last_login": "2018-05-29T20:35:54Z", "email": "IvanovYuriy@gmail.com", "first_name": "\u042e\u0440\u0456\u0439", "last_name": "\u0406\u0432\u0430\u043d\u043e\u0432", "created_at": "2018-05-29T20:35:35Z", "is_active": true, "is_admin": false}}, {"model": "auth_main.user", "pk": 85, "fields": {"password": "pbkdf2_sha256$36000$YG9l2KgbTbzn$hpefe1nC2WWCDDFOyeO1SfP+L2vw6JKEAo62BNC4vlg=", "last_login": "2018-05-29T22:46:39.968Z", "email": "Junflower@i.ua", "first_name": "\u0422\u0435\u0442\u044f\u043d\u0430", "last_name": "\u0422\u0430\u0433\u0430\u043d", "created_at": "2018-05-29T21:43:48.451Z", "is_active": true, "is_admin": false}}, {"model": "auth_main.user", "pk": 86, "fields": {"password": "pbkdf2_sha256$36000$h6g5UkXc10SQ$VTpa81kfcUc2tGGQpfSJ+WCuxLc293/ONUJXoh9JHn8=", "last_login": "2018-05-30T13:40:31Z", "email": "KRAFTPROFIL@ukr.net", "first_name": "\u0412\u043e\u043b\u043e\u0434\u0438\u043c\u0438\u0440", "last_name": "\u0420\u043e\u0435\u043d\u043a\u043e", "created_at": "2018-05-30T13:16:27Z", "is_active": true, "is_admin": false}}, {"model": "auth_main.user", "pk": 89, "fields": {"password": "pbkdf2_sha256$36000$Qi8SRdxWJOnZ$QTDeRRxydsGKA3CQZdySG0i1bpBBMDA5A35tOW54lA4=", "last_login": "2018-05-31T12:09:11.593Z", "email": "Terrance McCracken@gmail.com", "first_name": "\u0422\u0435\u0440\u0440\u0435\u043d\u0441 ", "last_name": "\u041c\u0430\u043a\u041a\u0440\u0435\u043a\u0435\u043d", "created_at": "2018-05-30T14:59:04.199Z", "is_active": true, "is_admin": false}}, {"model": "auth_main.user", "pk": 90, "fields": {"password": "pbkdf2_sha256$36000$cQaIyTOlrlYV$Gy/bQOJggHg4TaF0qjaq5Cq3shoTTXkr4XYD4NgzuqE=", "last_login": "2018-05-30T21:19:45.751Z", "email": "ElenaLindholt@gmail.com", "first_name": "\u041e\u043b\u0435\u043d\u0430 ", "last_name": "\u041b\u0456\u043d\u0434\u0445\u043e\u043b\u044c\u0442", "created_at": "2018-05-30T21:19:18.462Z", "is_active": true, "is_admin": false}}, {"model": "auth_main.user", "pk": 91, "fields": {"password": "pbkdf2_sha256$36000$XaTVKNJelAms$a/1HZjjF/SVhEqIP124BJp0/76QxkU3rWq6cSwgKHWU=", "last_login": "2018-05-31T22:40:30.738Z", "email": "sasha.maschenko@gmail.com", "first_name": "\u041e\u043b\u0435\u043a\u0441\u0430\u043d\u0434\u0440", "last_name": "\u041c\u0430\u0449\u0435\u043d\u043a\u043e", "created_at": "2018-05-31T09:51:39Z", "is_active": true, "is_admin": false}}, {"model": "auth_main.user", "pk": 92, "fields": {"password": "pbkdf2_sha256$36000$jFh1O2MnNPJ7$IIjUkSRcSc0SBb9tPrC57zyAanYb3to5FQd2+HNi6d8=", "last_login": "2018-05-31T14:48:29.931Z", "email": "worlak911@gmail.com", "first_name": "\u0414\u043c\u0438\u0442\u0440\u043e", "last_name": "\u0422\u0440\u043e\u0444\u0438\u043c\u0435\u0446\u044c", "created_at": "2018-05-31T13:15:46.508Z", "is_active": true, "is_admin": false}}, {"model": "auth_main.user", "pk": 93, "fields": {"password": "pbkdf2_sha256$36000$AkJSy0N3IYmq$OAOqiJbRZggHVylhWajFHRFCgpfL/77iKMM46BgqsqQ=", "last_login": "2018-06-01T07:31:26.368Z", "email": "RasskazovaOlga@gmail.com", "first_name": "\u041e\u043b\u044c\u0433\u0430", "last_name": "\u0420\u0430\u0441\u0441\u043a\u0430\u0437\u043e\u0432\u0430", "created_at": "2018-06-01T07:30:37.752Z", "is_active": true, "is_admin": false}}, {"model": "auth_main.user", "pk": 94, "fields": {"password": "pbkdf2_sha256$36000$5hs6minpAps9$BjBRNX6Gd8BoguGqn8NBX7/Tw6hA9iRDGklGFOaOIMk=", "last_login": "2018-06-01T07:41:57.607Z", "email": "ArtemenkoAlexey@gmail.com", "first_name": "\u041e\u043b\u0435\u043a\u0441\u0456\u0439", "last_name": "\u0410\u0440\u0442\u0435\u043c\u0435\u043d\u043a\u043e ", "created_at": "2018-06-01T07:41:23.078Z", "is_active": true, "is_admin": false}}, {"model": "auth_main.user", "pk": 95, "fields": {"password": "pbkdf2_sha256$36000$Z8s15VfolZGp$9dt4NrojhAtcvIdJn2cNztB8wtMz5rN501HEGgrLZHY=", "last_login": "2018-06-01T07:46:38.641Z", "email": "TrofimetsDmitry@gmail.com", "first_name": "\u0414\u043c\u0438\u0442\u0440\u043e", "last_name": "\u0422\u0440\u043e\u0444\u0438\u043c\u0435\u0446 ", "created_at": "2018-06-01T07:46:26.663Z", "is_active": true, "is_admin": false}}, {"model": "auth_main.user", "pk": 96, "fields": {"password": "pbkdf2_sha256$36000$KYYMKol4Uz5q$jyYzri0vkBP36aOcM8GCoCBaohKNzwvEbi0VYuRwzpI=", "last_login": "2018-06-01T12:02:34.430Z", "email": "KovalchukSergey@gmail.com", "first_name": "\u0421\u0435\u0440\u0433\u0456\u0439", "last_name": "\u041a\u043e\u0432\u0430\u043b\u044c\u0447\u0443\u043a ", "created_at": "2018-06-01T12:02:14.762Z", "is_active": true, "is_admin": false}}, {"model": "auth_main.user", "pk": 97, "fields": {"password": "pbkdf2_sha256$36000$tpqpGDH9qtCk$ZCv3J4VjuX5z/6FM/VqByGJiZl890yDpdzREOcCl/ec=", "last_login": "2018-06-01T12:13:40.144Z", "email": "PertsyukhOleksandr@gmail.com", "first_name": "\u041e\u043b\u0435\u043a\u0441\u0430\u043d\u0434\u0440 ", "last_name": "\u041f\u0435\u0440\u0446\u044e\u0445 ", "created_at": "2018-06-01T12:13:22.160Z", "is_active": true, "is_admin": false}}, {"model": "auth_main.user", "pk": 98, "fields": {"password": "pbkdf2_sha256$36000$TWFsC2DVyK2k$ElaHwPB1M5ll+70EfyA20Nf0XDmNi3CKpQqKXlFDfio=", "last_login": "2018-06-01T12:24:54.647Z", "email": "StahnuhinVasil@gmail.com", "first_name": "\u0412\u0430\u0441\u0438\u043b\u044c", "last_name": "\u0428\u0442\u0430\u043d\u0443\u0445\u0456\u043d ", "created_at": "2018-06-01T12:24:43.225Z", "is_active": true, "is_admin": false}}, {"model": "auth_main.user", "pk": 99, "fields": {"password": "pbkdf2_sha256$36000$0uvmAClCcfJV$ZUItll5393T1T4mta3WXkraFqCuRAl7EyE8Iu6lUpXc=", "last_login": "2018-06-01T12:40:17.263Z", "email": "Innysapoltava@mail.ru", "first_name": " \u0406\u043d\u043d\u0430", "last_name": "\u041a\u043e\u043b\u043e\u0434\u0456\u043d\u0430", "created_at": "2018-06-01T12:40:02.786Z", "is_active": true, "is_admin": false}}, {"model": "auth_main.user", "pk": 100, "fields": {"password": "pbkdf2_sha256$36000$K9SVAt5y1D3I$Wvl2To/YlFIWpeXXMRQioZea5/AHKPuCJqGqt+6G83c=", "last_login": "2018-06-01T12:58:47.044Z", "email": "kartalyev@gmail", "first_name": "\u0412\u043e\u043b\u043e\u0434\u0438\u043c\u0438\u0440", "last_name": "\u041a\u0430\u0440\u0442\u0430\u043b\u044c\u043e\u0432", "created_at": "2018-06-01T12:58:33.361Z", "is_active": true, "is_admin": false}}, {"model": "auth_main.user", "pk": 101, "fields": {"password": "pbkdf2_sha256$36000$hrfKKAK9mvgl$lPCQhpIRXvgaxU0WAQhpTShm/JuR1tzij18ER/gcOOc=", "last_login": "2018-06-01T16:02:13.961Z", "email": "NikosiDmitry@gmail.com", "first_name": "\u0414\u043c\u0438\u0442\u0440\u043e", "last_name": "\u041d\u0456\u043a\u043e\u0437\u044f\u0442\u044c ", "created_at": "2018-06-01T16:01:54.758Z", "is_active": true, "is_admin": false}}, {"model": "auth_main.user", "pk": 102, "fields": {"password": "pbkdf2_sha256$36000$AAZxrg51jmtW$C4CWfNgWzOWa2X1Mwyg//cUOm+Ck29zRvgrFVBVWCuo=", "last_login": null, "email": "Pufff@mail.ua", "first_name": "\u0412\u0438\u043a\u0442\u043e\u0440 ", "last_name": "\u0412\u0430\u043d\u0434\u0430 ", "created_at": "2018-06-01T20:33:13.715Z", "is_active": true, "is_admin": false}}, {"model": "auth_main.profile", "pk": 11, "fields": {"user": 3, "avatar": "avatars/\u0424\u043e\u0442\u043e_wsc7OMP.jpeg", "gender": 1, "phone_number": "+380506946922", "birth_date": "1988-01-01", "city": "poltava", "is_verificated": true, "verification_code": "TPJ0RET4ZFDYIOA91TNDBWQI0HPXDXTPX4CQZQV2B5R0THG2GUHH6N5AXJ5LSX", "age_group": "30-34", "default_team": "", "role": 2}}, {"model": "auth_main.profile", "pk": 13, "fields": {"user": 14, "avatar": "avatars/foto_kOEZ7kx.jpg", "gender": 1, "phone_number": "0673282400", "birth_date": "1975-01-30", "city": "\u041a\u0438\u0457\u0432", "is_verificated": true, "verification_code": "ZILFFQYFVB8IJFZSJ32TZDITQCWZ9H6IL8UWYM9ZRAP5G5TXYZ2P34EK7RO8H4", "age_group": "40-44", "default_team": "\u0410\u043a\u0432\u0430-\u041a\u0438\u0457\u0432", "role": 1}}, {"model": "auth_main.profile", "pk": 14, "fields": {"user": 15, "avatar": "avatars/\u0424\u043e\u0442\u043e_Bj53xNO.jpeg", "gender": 1, "phone_number": "066-231-15-01", "birth_date": "1957-01-05", "city": "\u041f\u043e\u043b\u0442\u0430\u0432\u0430", "is_verificated": true, "verification_code": "7EFW7RTRDWM45J7LDIC1OQ89ILPCCG8BXCHWTUOY5CX7JWF8PGIXS3E2B2F98P", "age_group": "60-64", "default_team": "", "role": 1}}, {"model": "auth_main.profile", "pk": 15, "fields": {"user": 16, "avatar": "avatars/2018-05-12_0048_T69htvh.png", "gender": 2, "phone_number": "+38(066)056-48-21", "birth_date": "1958-05-21", "city": "\u041f\u043e\u043b\u0442\u0430\u0432\u0430", "is_verificated": true, "verification_code": "IQM01IOZ4LEJDMN63CZVHBMYG1H0SLHFDBRXWK96MWEU9YL3I63JAT2TGAGQIU", "age_group": "60-64", "default_team": "\u0421\u043a\u0430\u0436\u0435\u043d\u0456 \u043a\u0430\u0440\u0430\u0441\u0456", "role": 1}}, {"model": "auth_main.profile", "pk": 16, "fields": {"user": 17, "avatar": "avatars/\u041c\u0430\u043a\u0441\u0438\u043c_\u042f\u043a\u043e\u0432\u0435\u043d\u043a\u043e_iuHvOwC.jpg", "gender": 1, "phone_number": "+38(097)643-61-56", "birth_date": "1983-01-15", "city": "\u041f\u043e\u043b\u0442\u0430\u0432\u0430", "is_verificated": true, "verification_code": "Z17HHRJ904OMAN38ELO48S0YFDBTWX0RA57ZS20HD3BOXZWXHN119OITMPVZRD", "age_group": "35-39", "default_team": "\u0421\u043a\u0430\u0436\u0435\u043d\u0456 \u043a\u0430\u0440\u0430\u0441\u0456", "role": 1}}, {"model": "auth_main.profile", "pk": 17, "fields": {"user": 18, "avatar": "avatars/2IAEUQ2bGsw1_EEuKB0n.jpg", "gender": 2, "phone_number": "None", "birth_date": "1996-12-24", "city": "\u041f\u043e\u043b\u0442\u0430\u0432\u0430", "is_verificated": true, "verification_code": "BN3NV6YH5EMYBM8LOBAMUZ0YXCDX9UMKONW5BLBMPWT8VRK45EA1KRW6L74OR9", "age_group": "", "default_team": "", "role": 1}}, {"model": "auth_main.profile", "pk": 18, "fields": {"user": 19, "avatar": "avatars/13718686_578500748988342_2779799412161957228_n.jpg", "gender": 1, "phone_number": "050-830-10-01", "birth_date": "1983-01-15", "city": "\u041f\u043e\u043b\u0442\u0430\u0432\u0430", "is_verificated": true, "verification_code": "M91YB171KKZ7RWCXEMMAFCFGJLRAGTY03FK6O7IDRDC9VWMIF9LJZSRT6MQTFX", "age_group": "35-39", "default_team": "\u0421\u043a\u0430\u0436\u0435\u043d\u0456 \u043a\u0430\u0440\u0430\u0441\u0456", "role": 1}}, {"model": "auth_main.profile", "pk": 19, "fields": {"user": 20, "avatar": "avatars/foto_V94CQ4c.jpg", "gender": 1, "phone_number": "0501633700", "birth_date": "1982-08-17", "city": "\u041f\u043e\u043b\u0442\u0430\u0432\u0430", "is_verificated": true, "verification_code": "AF37YBW3O0ZQ756DXPHUJ97LLD0B4W0ERTS9FJLMD1UMQNBHFNROKDGOI3LD48", "age_group": "35-39", "default_team": "\u0421\u043a\u0430\u0436\u0435\u043d\u0456 \u043a\u0430\u0440\u0430\u0441\u0456", "role": 1}}, {"model": "auth_main.profile", "pk": 20, "fields": {"user": 21, "avatar": "avatars/FB72FB7F-6069-4FD8-88BC-BB5B6416B8B0.jpeg", "gender": 1, "phone_number": "None", "birth_date": "1979-02-01", "city": "\u041f\u043e\u043b\u0442\u0430\u0432\u0430", "is_verificated": true, "verification_code": "SVZBGRIKBFABNZD2MFOP1NHSR9O7QI40NKYBQ7U0K88SIRGD6GQQ2HAIMM05AH", "age_group": "35-39", "default_team": "\u0421\u043a\u0430\u0436\u0435\u043d\u0456 \u043a\u0430\u0440\u0430\u0441\u0456", "role": 1}}, {"model": "auth_main.profile", "pk": 21, "fields": {"user": 22, "avatar": "avatars/\u0418\u0437\u043e\u0431\u0440\u0430\u0436\u0435\u043d\u0438\u0435_013013.jpg", "gender": 1, "phone_number": "+380675312086", "birth_date": "1970-05-05", "city": "\u041f\u043e\u043b\u0442\u0430\u0432\u0430", "is_verificated": true, "verification_code": "M5M8HD24ML7UNGZUPE4NQ50BDSK5CQC2ZYGQ3USME4AZ817RL4JK6Z3K5GUEV6", "age_group": "45-49", "default_team": "\u0421\u043a\u0430\u0436\u0435\u043d\u0456 \u043a\u0430\u0440\u0430\u0441\u0456", "role": 1}}, {"model": "auth_main.profile", "pk": 22, "fields": {"user": 23, "avatar": "avatars/foto_G7Hy0wN.jpg", "gender": 2, "phone_number": "+380667899873", "birth_date": "1985-07-23", "city": "\u041f\u043e\u043b\u0442\u0430\u0432\u0430", "is_verificated": true, "verification_code": "WZRWNOD0TWBKQROEE2YHXI0KH9IPPDUATVYDVY1BJNV32SF7NZN388BXRQSNN0", "age_group": "30-34", "default_team": "\u0421\u043a\u0430\u0436\u0435\u043d\u0456 \u043a\u0430\u0440\u0430\u0441\u0456", "role": 1}}, {"model": "auth_main.profile", "pk": 23, "fields": {"user": 24, "avatar": "avatars/1.jpg", "gender": 1, "phone_number": "0661978760", "birth_date": "1976-05-30", "city": "\u041f\u043e\u043b\u0442\u0430\u0432\u0430", "is_verificated": true, "verification_code": "2HU7UG5Z7LTT2NJ9C1NMIZI88BVWXF9GFCM4SWUMNPVSS08M47LDF330Y3VSGY", "age_group": "40-44", "default_team": "\u0421\u043a\u0430\u0436\u0435\u043d\u0456 \u043a\u0430\u0440\u0430\u0441\u0456", "role": 1}}, {"model": "auth_main.profile", "pk": 24, "fields": {"user": 25, "avatar": "avatars/foto_DwbWwyR.jpg", "gender": 1, "phone_number": "(000) 000-00-00", "birth_date": "1978-10-25", "city": "\u041a\u0438\u0457\u0432", "is_verificated": true, "verification_code": "ZLSE1BJWRRWMR1OVQRICP0AMXUL3LUIVS9PFQO6FV8JQW2BQWASB6RWO6OAT4K", "age_group": "40-44", "default_team": "\u0413\u0430\u0432\u0440\u0438\u043b\u044b\u0447", "role": 1}}, {"model": "auth_main.profile", "pk": 25, "fields": {"user": 26, "avatar": "avatars/media-share-0-02-04-070e981d945ed102227c7e58882e647b79eafb9978541970cdf5796ac00b_01o9Jq5.jpg", "gender": 1, "phone_number": "050 380-55-77", "birth_date": "1966-01-11", "city": "\u041a\u0438\u0457\u0432", "is_verificated": true, "verification_code": "IX94C9YV7A7PJW57PDKT95UNWCPVY94GJKU4WNQGIA2ZX2650INDEOUN4SVPRE", "age_group": "50-54", "default_team": "\u0427\u0443\u0431\u0438\u043d\u0441\u043a\u0438\u0435 \u0411\u043e\u0431\u0440\u044b", "role": 1}}, {"model": "auth_main.profile", "pk": 27, "fields": {"user": 28, "avatar": "avatars/foto_GDLkGWx.jpg", "gender": 2, "phone_number": "0509170905", "birth_date": "1985-01-07", "city": "\u041f\u043e\u043b\u0442\u0430\u0432\u0430", "is_verificated": true, "verification_code": "4OT8EJNNWI63IDGDX9ZTT3K145RJNPF2AAIGBE1YX11T7AL7M5576AH1YL8F1L", "age_group": "30-34", "default_team": "\u0421\u043a\u0430\u0436\u0435\u043d\u0456 \u043a\u0430\u0440\u0430\u0441\u0456", "role": 1}}, {"model": "auth_main.profile", "pk": 28, "fields": {"user": 29, "avatar": "avatars/imgonline-com-ua-Resize-DLXFJX7C6e7pO.jpg", "gender": 1, "phone_number": "+380667158318", "birth_date": "1991-02-20", "city": "\u041f\u043e\u043b\u0442\u0430\u0432\u0430", "is_verificated": true, "verification_code": "C3LT17XZAKE60DPTFB7JU81BM9BEQ5B3DYD16IB5FRZSKSHRP46JXZEGWJ3NYB", "age_group": "25-29", "default_team": "\u0421\u043a\u0430\u0436\u0435\u043d\u0456 \u043a\u0430\u0440\u0430\u0441\u0456", "role": 1}}, {"model": "auth_main.profile", "pk": 30, "fields": {"user": 31, "avatar": "avatars/foto_WwM04US.jpg", "gender": 2, "phone_number": "8(099)912-15-04", "birth_date": "1992-04-13", "city": "\u0425\u0430\u0440\u043a\u0456\u0432", "is_verificated": true, "verification_code": "XOKNSNQWJWOQHDDUEUIXYLYA3DOMJKA8MOY9SRT30VMRR08Y9NNIGUXEYSYBWJ", "age_group": "25-29", "default_team": "\u0421\u043a\u0430\u0436\u0435\u043d\u0456 \u043a\u0430\u0440\u0430\u0441\u0456", "role": 1}}, {"model": "auth_main.profile", "pk": 31, "fields": {"user": 32, "avatar": "avatars/foto_d7rdr5s.jpg", "gender": 1, "phone_number": "+380664874195", "birth_date": "1990-06-15", "city": "\u041f\u043e\u043b\u0442\u0430\u0432\u0430", "is_verificated": true, "verification_code": "DIK51QJF7LJTW64MC8SA04XXVBXIQVVEKDTJJ6LNTEKWPSSWDQCKJVG61RK8D3", "age_group": "25-29", "default_team": "\u0421\u043a\u0430\u0436\u0435\u043d\u0456 \u043a\u0430\u0440\u0430\u0441\u0456", "role": 1}}, {"model": "auth_main.profile", "pk": 32, "fields": {"user": 33, "avatar": "avatars/foto_erzYYkJ.jpg", "gender": 1, "phone_number": "None", "birth_date": "1980-02-05", "city": "\u041f\u043e\u043b\u0442\u0430\u0432\u0430", "is_verificated": true, "verification_code": "I4OX7FA0LVT1J33YVRZPWFN8E9R6LH6TX6034N79QXX6P9RPF2KV8C1P8VUIMR", "age_group": "35-39", "default_team": "\u041e\u0441\u043e\u0431\u0438\u0441\u0442\u043e", "role": 1}}, {"model": "auth_main.profile", "pk": 33, "fields": {"user": 34, "avatar": "avatars/foto_ELKUyrm.jpg", "gender": 2, "phone_number": "0997807891", "birth_date": "1989-11-01", "city": "\u041f\u043e\u043b\u0442\u0430\u0432\u0430", "is_verificated": true, "verification_code": "LQCRM0TXPQCE23593NANQ2F6DZQVFLYE6J4X5YBRS9D60B4LDXNYT5GFOQI0L9", "age_group": "25-29", "default_team": "\u0414\u042e\u0421\u0428 \u042e\u043d\u043e\u0441\u0442\u044c 1", "role": 1}}, {"model": "auth_main.profile", "pk": 35, "fields": {"user": 36, "avatar": "avatars/getImage3.jpeg", "gender": 1, "phone_number": "0959467894", "birth_date": "1983-01-17", "city": "\u041f\u043e\u043b\u0442\u0430\u0432\u0430", "is_verificated": true, "verification_code": "G6U86BZITZKLD198LHW6MBEIFYWGNJSQK6GHWMWW9S554THM3IO18IMWF525V5", "age_group": "35-39", "default_team": "\u0421\u043a\u0430\u0436\u0435\u043d\u0456 \u043a\u0430\u0440\u0430\u0441\u0456", "role": 1}}, {"model": "auth_main.profile", "pk": 36, "fields": {"user": 37, "avatar": "avatars/2018-05-21_2248_5C085fW.png", "gender": 1, "phone_number": "(099)141-82-28", "birth_date": "1957-05-11", "city": "\u041f\u043e\u043b\u0442\u0430\u0432\u0430", "is_verificated": true, "verification_code": "578VH1RA8O7YNBS4JTAISW63XX3R180036Q7XPOESE2D12N13JZHAWZYPFL5B0", "age_group": "60-64", "default_team": "\u0421\u043a\u0430\u0436\u0435\u043d\u0456 \u043a\u0430\u0440\u0430\u0441\u0456", "role": 1}}, {"model": "auth_main.profile", "pk": 37, "fields": {"user": 38, "avatar": "avatars/foto_W5YsRS4.jpg", "gender": 1, "phone_number": "050 80 131 33", "birth_date": "1987-03-18", "city": "\u041f\u043e\u043b\u0442\u0430\u0432\u0430", "is_verificated": true, "verification_code": "S08BBPJ5B7MQ83FVBDSSBCUZ9LOMSZ8PEYNKI9QLIJ4RGO6Q4CJJ7QDX0TNMJ5", "age_group": "30-34", "default_team": "\u041e\u0441\u043e\u0431\u0438\u0441\u0442\u043e", "role": 1}}, {"model": "auth_main.profile", "pk": 38, "fields": {"user": 39, "avatar": "avatars/foto_wY5uAPR.jpg", "gender": 1, "phone_number": "Empty", "birth_date": "2018-05-24", "city": "\u041f\u043e\u043b\u0442\u0430\u0432\u0430", "is_verificated": true, "verification_code": "N90X00PTGS2O2KIUX2UBV5L21FLZSXDTTZ43V0LEAAHKE4UA5P1F51YGRIKGD2", "age_group": "Empty", "default_team": "Empty", "role": 1}}, {"model": "auth_main.profile", "pk": 39, "fields": {"user": 40, "avatar": "avatars/foto_6uH7fxQ.jpg", "gender": 1, "phone_number": "Empty", "birth_date": "1973-10-20", "city": "\u041f\u043e\u043b\u0442\u0430\u0432\u0430", "is_verificated": true, "verification_code": "ZM6JMISCF17HX4F1WA0JRUI5WFRLYNT8X5B5U77MYL1BT6SME7FB4N7Z9QP4MM", "age_group": "45-49", "default_team": "\u041e\u0441\u043e\u0431\u0438\u0441\u0442\u043e", "role": 1}}, {"model": "auth_main.profile", "pk": 40, "fields": {"user": 41, "avatar": "avatars/foto_njRa5O2.jpg", "gender": 1, "phone_number": "38(000)000-00-00", "birth_date": "1974-06-02", "city": "\u0414\u043d\u0435\u043f\u0440", "is_verificated": true, "verification_code": "IQPB6G0QSZYUUQ8I2XTJHI43ZH5ATHZY3QENDW6MA6HQ9HFSD6N6NLOXK0KC1Q", "age_group": "40-44", "default_team": "\u041e\u0441\u043e\u0431\u0438\u0441\u0442\u043e", "role": 1}}, {"model": "auth_main.profile", "pk": 41, "fields": {"user": 42, "avatar": "avatars/foto_F8VyO8s.jpg", "gender": 1, "phone_number": "0675605959", "birth_date": "1987-02-02", "city": "\u0414\u043d\u0435\u043f\u0440", "is_verificated": true, "verification_code": "TYH9RZATJD8AV3QQA0SF4YFDSB1IUER3PJIA08K8WQAN31EC4Y7D39W3RUEYMP", "age_group": "30-34", "default_team": "\u041e\u0441\u043e\u0431\u0438\u0441\u0442\u043e", "role": 1}}, {"model": "auth_main.profile", "pk": 42, "fields": {"user": 43, "avatar": "avatars/foto_qhyZoHl.jpg", "gender": 1, "phone_number": "38(000)000-00-00", "birth_date": "1983-01-21", "city": "\u041a\u0438\u0457\u0432", "is_verificated": true, "verification_code": "UMB2DAHO49P5O55EDA5443Z4DZ4K67UA30BQS89A4ODX9CSHWYTS5A461K74R6", "age_group": "35-39", "default_team": "\u0410\u043a\u0432\u0430-\u041a\u0438\u0457\u0432", "role": 1}}, {"model": "auth_main.profile", "pk": 43, "fields": {"user": 44, "avatar": "avatars/foto_uBR0Qfa.jpg", "gender": 1, "phone_number": "38(000)000-00-00", "birth_date": "1978-07-05", "city": "\u041f\u043e\u043b\u0442\u0430\u0432\u0430", "is_verificated": true, "verification_code": "HFT0UTG880T9BG8PMU3XHBXK433MCF4D7KTXZ9O687LNLBWWAZJS0TUE6PG4R8", "age_group": "40-44", "default_team": "C\u043a\u0430\u0436\u0435\u043d\u0456 \u043a\u0430\u0440\u0430\u0441\u0456", "role": 1}}, {"model": "auth_main.profile", "pk": 44, "fields": {"user": 45, "avatar": "avatars/foto_Wnwb9Em.jpg", "gender": 1, "phone_number": "38(000)000-00-00", "birth_date": "1983-10-13", "city": "\u041f\u043e\u043b\u0442\u0430\u0432\u0430", "is_verificated": true, "verification_code": "9GA9EJB0AC6WGQS2B9NYO8UPFGS28Y1UZEOK0896LSSKTHH7JSRWRFMBHQYCNF", "age_group": "35-39", "default_team": "\u0421\u043a\u0430\u0436\u0435\u043d\u0456 \u043a\u0430\u0440\u0430\u0441\u0456", "role": 1}}, {"model": "auth_main.profile", "pk": 45, "fields": {"user": 46, "avatar": "avatars/foto_m2Ntxm1.jpg", "gender": 1, "phone_number": "None", "birth_date": "1978-03-31", "city": "\u041a\u0438\u0457\u0432", "is_verificated": true, "verification_code": "OVO570YREJUK2SM5YGV2F9A9TORFSLVLBY6QA159ZT1VBFE0WF2JWKSFL2Q6T1", "age_group": "40-44", "default_team": "\u0427\u0443\u0431\u0438\u043d\u0441\u043a\u0438\u0435 \u0411\u043e\u0431\u0440\u044b", "role": 1}}, {"model": "auth_main.profile", "pk": 46, "fields": {"user": 47, "avatar": "avatars/foto_LHz455Z.jpg", "gender": 1, "phone_number": "None", "birth_date": "1968-03-19", "city": "\u0414\u043d\u0456\u043f\u0440\u043e\u043f\u0435\u0442\u0440\u043e\u0432\u0441\u044c\u043a\u0430 \u043e\u0431\u043b\u0430\u0441\u0442\u044c", "is_verificated": true, "verification_code": "FQX4JK76B9OOFRGA3PUHZYVXBCHZYMKMYJP2WD1ML3FEZCKAGA9ADCAAXO62YX", "age_group": "50-54", "default_team": "\u0406\u043d\u0432\u0430\u0421\u043f\u043e\u0440\u0442", "role": 1}}, {"model": "auth_main.profile", "pk": 47, "fields": {"user": 48, "avatar": "avatars/foto_admOPFG.jpg", "gender": 2, "phone_number": "38(000)000-00-00", "birth_date": "1966-12-05", "city": "\u041f\u043e\u043b\u0442\u0430\u0432\u0430", "is_verificated": true, "verification_code": "OWG8XKRH2MZ4WN7L18BMTPW2R10YHR81ZR4KDDHLJZB3LCMNSYF1JFV931QP02", "age_group": "50-54", "default_team": "\u0421\u043a\u0430\u0436\u0435\u043d\u0456 \u043a\u0430\u0440\u0430\u0441\u0456", "role": 1}}, {"model": "auth_main.profile", "pk": 48, "fields": {"user": 49, "avatar": "avatars/foto_BsHCjgg.jpg", "gender": 1, "phone_number": "38(000)000-00-00", "birth_date": "1940-01-01", "city": "\u041a\u0438i\u0432", "is_verificated": true, "verification_code": "7BF72CQJ4640U30SARFK7Q8T1IH5047UQKMG0JL6DSK4UHH9CFLLK6M7UC87JC", "age_group": "75-79", "default_team": "\u0411\u0435\u0437 \u043a\u043e\u043c\u0430\u043d\u0434\u0438", "role": 1}}, {"model": "auth_main.profile", "pk": 49, "fields": {"user": 50, "avatar": "avatars/foto_ypT04fO.jpg", "gender": 1, "phone_number": "None", "birth_date": "1939-01-01", "city": "\u041a\u0438i\u0432", "is_verificated": true, "verification_code": "Z6TLGLHRP3LRZXRK1VAMIB3TBXCDAIBIX80LMKI5K0W9G8TECHF01NGJUVTII2", "age_group": "75-79", "default_team": "\u0411\u0435\u0437 \u043a\u043e\u043c\u0430\u043d\u0434\u0438", "role": 1}}, {"model": "auth_main.profile", "pk": 50, "fields": {"user": 51, "avatar": "avatars/foto_vXrgSmL.jpg", "gender": 1, "phone_number": "38(000)000-00-00", "birth_date": "1948-01-01", "city": "\u041a\u0438i\u0432", "is_verificated": true, "verification_code": "U8IDY8Q0FP0NVHO38FUIV25IOWSXEYWI4E7IMS8UDIGQ2SHYXX7SJJMGZSCJ69", "age_group": "70-74", "default_team": "\u0427\u0443\u0431\u0438\u043d\u0441\u044c\u043a\u0456 \u0431\u043e\u0431\u0440\u0438", "role": 1}}, {"model": "auth_main.profile", "pk": 51, "fields": {"user": 52, "avatar": "avatars/foto_xW8LfxS.jpg", "gender": 1, "phone_number": "None", "birth_date": "1989-11-07", "city": "\u041f\u043e\u043b\u0442\u0430\u0432\u0430", "is_verificated": true, "verification_code": "ZB9W817NXDTRW736EJOSBWCSYL9JK2ARBRVNO4LYH9PPEB1B92OTH96EFSLGPP", "age_group": "25-29", "default_team": "Team Invictus Ukraine", "role": 1}}, {"model": "auth_main.profile", "pk": 52, "fields": {"user": 53, "avatar": "avatars/foto_D2npEyr.jpg", "gender": 1, "phone_number": "067-5763-557", "birth_date": "1967-08-02", "city": "\u041f\u043e\u043b\u0442\u0430\u0432\u0430", "is_verificated": true, "verification_code": "OYQKX00LHJN4WR697CK8P6EGZGQWEPKO6QBBC1ODVGENL8AA3AROA0UXRQQIQF", "age_group": "50-54", "default_team": "\u0421\u043a\u0430\u0436\u0435\u043d\u0456 \u041a\u0430\u0440\u0430\u0441\u0456", "role": 1}}, {"model": "auth_main.profile", "pk": 53, "fields": {"user": 54, "avatar": "avatars/foto_qeYOJNA.jpg", "gender": 1, "phone_number": "None", "birth_date": "1956-11-24", "city": "\u041a\u0440\u0438\u0432\u043e\u0439 \u0420\u0456\u0433", "is_verificated": true, "verification_code": "MGPZ2X1SJ5HA8F7V2FM0GRBFS04H6RTY9L59T51GXRK6DC6LVJZTQFWN6XFYJ8", "age_group": "60-64", "default_team": "\u041a\u0440\u0438\u0432\u0431\u0430\u0441 \u041c\u0430\u0441\u0442\u0435\u0440\u0441", "role": 1}}, {"model": "auth_main.profile", "pk": 54, "fields": {"user": 55, "avatar": "avatars/foto_yVkyn8T.jpg", "gender": 1, "phone_number": "None", "birth_date": "1969-04-30", "city": "\u041a\u0440\u0438\u0432\u043e\u0439 \u0420\u0456\u0433", "is_verificated": true, "verification_code": "0HRNR8ENJ45AMS1LQ7P9QMRWZKBUCYHZASETG05HSSP233P6SYC7SI3UKE9KGZ", "age_group": "45-49", "default_team": "\u041a\u0440\u0438\u0432\u0431\u0430\u0441 \u041c\u0430\u0441\u0442\u0435\u0440\u0441", "role": 1}}, {"model": "auth_main.profile", "pk": 55, "fields": {"user": 56, "avatar": "avatars/foto_Zm981Cq.jpg", "gender": 2, "phone_number": "None", "birth_date": "1965-05-26", "city": "\u041a\u0440\u0438\u0432\u043e\u0439 \u0420\u0456\u0433", "is_verificated": true, "verification_code": "T6OT89RHF17D17ZBLJUVGT3FDBP9COQEMANFD14EW5OPWBEIOUT64T9KWUVKOK", "age_group": "50-54", "default_team": "\u041a\u0440\u0438\u0432\u0431\u0430\u0441 \u041c\u0430\u0441\u0442\u0435\u0440\u0441", "role": 1}}, {"model": "auth_main.profile", "pk": 56, "fields": {"user": 57, "avatar": "avatars/foto_MOOeiEd.jpg", "gender": 1, "phone_number": "None", "birth_date": "1966-11-04", "city": "\u041a\u0440\u0438\u0432\u043e\u0439 \u0420\u0456\u0433", "is_verificated": true, "verification_code": "KMJW8SRY43HFAQASD68CHQQIZZ3QQ4QU1D1PZACACORR9ZFEMGHNZMDN80QX87", "age_group": "50-54", "default_team": "\u041a\u0440\u0438\u0432\u0431\u0430\u0441 \u041c\u0430\u0441\u0442\u0435\u0440\u0441", "role": 1}}, {"model": "auth_main.profile", "pk": 57, "fields": {"user": 58, "avatar": "avatars/foto_1VLwmnT.jpg", "gender": 2, "phone_number": "None", "birth_date": "1971-12-02", "city": "\u041a\u0440\u0438\u0432\u043e\u0439 \u0420\u0456\u0433", "is_verificated": true, "verification_code": "75FMX6QZQF8DEM074VDAJJ6146FR2HXD06NKO68RSXKMPO899GSH7OKWK4HAS9", "age_group": "45-49", "default_team": "\u041a\u0440\u0438\u0432\u0431\u0430\u0441 \u041c\u0430\u0441\u0442\u0435\u0440\u0441", "role": 1}}, {"model": "auth_main.profile", "pk": 58, "fields": {"user": 59, "avatar": "avatars/foto_XK7eIdL.jpg", "gender": 1, "phone_number": "None", "birth_date": "1960-09-09", "city": "\u041f\u043e\u043b\u0442\u0430\u0432\u0430", "is_verificated": true, "verification_code": "H7BGV97CRIUJFPBW45D3UT6LKMGCHNVU8JTQEYVBQU3DWUPS1KACNYT7GV9AHF", "age_group": "55-59", "default_team": "\u041e\u0441\u043e\u0431\u0438\u0441\u0442\u043e", "role": 1}}, {"model": "auth_main.profile", "pk": 59, "fields": {"user": 60, "avatar": "avatars/foto_x0lS9q6.jpg", "gender": 1, "phone_number": "None", "birth_date": "1973-03-22", "city": "\u0427\u0435\u0440\u043d\u0456\u0433\u0456\u0432", "is_verificated": true, "verification_code": "3EY4Y2BRKNHVEC9J0WAWR6TTFLOOWMC3DR1HEP3IX050ONCC70XTJA96L9XINQ", "age_group": "45-49", "default_team": "No Stars", "role": 1}}, {"model": "auth_main.profile", "pk": 60, "fields": {"user": 61, "avatar": "avatars/foto_SsiX0zg.jpg", "gender": 1, "phone_number": "None", "birth_date": "1980-05-26", "city": "\u0414\u043d\u0435\u043f\u0440", "is_verificated": true, "verification_code": "66EOH18TT8CQG9S4GPA433DZD2HE7GNE0SX53MU3U37CM9MH0JRIWAOZUMYV9K", "age_group": "35-39", "default_team": "\u0410\u0414\u041d-\u0412\u0435\u0442\u0435\u0440\u0430\u043d\u0438", "role": 1}}, {"model": "auth_main.profile", "pk": 61, "fields": {"user": 62, "avatar": "avatars/foto_nnEWrUl.jpg", "gender": 1, "phone_number": "None", "birth_date": "1977-06-30", "city": "\u0414\u043d\u0435\u043f\u0440", "is_verificated": true, "verification_code": "J9FYD6ULPMFLJVUU6MAX41K7PDU8QK4OSIS4NPNSXE078C2H236YGBC29G9DQL", "age_group": "40-44", "default_team": "\u0410\u0414\u041d-\u0412\u0435\u0442\u0435\u0440\u0430\u043d\u0438", "role": 1}}, {"model": "auth_main.profile", "pk": 62, "fields": {"user": 63, "avatar": "avatars/foto_inxIaML.jpg", "gender": 1, "phone_number": "None", "birth_date": "1991-05-16", "city": "\u0414\u043d\u0435\u043f\u0440", "is_verificated": true, "verification_code": "ET6WR3V0Y1ULSH94WQ7RHO10UAKPWT6HFSGF33CYHVX1CUNT3119PSIRVA9CAA", "age_group": "25-29", "default_team": "\u0410\u0414\u041d-\u0412\u0435\u0442\u0435\u0440\u0430\u043d\u0438", "role": 1}}, {"model": "auth_main.profile", "pk": 63, "fields": {"user": 64, "avatar": "avatars/foto_1kf6z2F.jpg", "gender": 1, "phone_number": "None", "birth_date": "1970-02-01", "city": "\u0414\u043d\u0435\u043f\u0440", "is_verificated": true, "verification_code": "C56MOPP8U7ECUKJL1UPQP0GBOJUQWF6TYRZ2VSY70MYS5660CJQSBXOTFLSE5Z", "age_group": "45-49", "default_team": "\u0410\u0414\u041d-\u0412\u0435\u0442\u0435\u0440\u0430\u043d\u0438", "role": 1}}, {"model": "auth_main.profile", "pk": 64, "fields": {"user": 65, "avatar": "avatars/foto_qDZ7GgJ.jpg", "gender": 1, "phone_number": "066-611-71-05", "birth_date": "1989-06-01", "city": "\u041a\u0438\u0457\u0432", "is_verificated": true, "verification_code": "JM29X3QJIBOIT91HYLT5AR1D2EKBF5JKG9C8Z1CS14S0F76Y73NEUEMG7YUMHF", "age_group": "25-29", "default_team": "\u041c\u0430\u0440\u043b\u0456\u043d", "role": 1}}, {"model": "auth_main.profile", "pk": 65, "fields": {"user": 66, "avatar": "avatars/foto_kTAqr6X.jpg", "gender": 1, "phone_number": "None", "birth_date": "1975-06-25", "city": "\u041a\u0438\u0457\u0432", "is_verificated": true, "verification_code": "HIGARXBS4KFT5653PGKYSZWKLIDTBRQU2W94GR9Q52NTTMHQVGP5L2V6NG9YJW", "age_group": "40-44", "default_team": "\u041e\u0441\u043e\u0431\u0438\u0441\u0442\u043e", "role": 1}}, {"model": "auth_main.profile", "pk": 66, "fields": {"user": 67, "avatar": "avatars/foto_rtGwf3w.jpg", "gender": 2, "phone_number": "None", "birth_date": "1993-06-09", "city": "\u041f\u043e\u043b\u0442\u0430\u0432\u0430", "is_verificated": true, "verification_code": "G19H01RWGAZTODVPLP2KBCHFKH5CNAFVKZ7A43UVA7744GME9E96GP9FTS9QRB", "age_group": "25-29", "default_team": "\u0421\u043a\u0430\u0436\u0435\u043d\u0456 \u043a\u0430\u0440\u0430\u0441\u0456", "role": 1}}, {"model": "auth_main.profile", "pk": 67, "fields": {"user": 68, "avatar": "avatars/foto_VoX6Gad.jpg", "gender": 1, "phone_number": "None", "birth_date": "1968-05-05", "city": "\u041f\u043e\u043b\u0442\u0430\u0432\u0430", "is_verificated": true, "verification_code": "S2ONJX6YR11AB7L09Q5JTAAIMHV1Y9P4HM0BTHR56PKA4AQYKXCWPVYZ7UQZQ3", "age_group": "50-54", "default_team": "\u041e\u0441\u043e\u0431\u0438\u0441\u0442\u043e", "role": 1}}, {"model": "auth_main.profile", "pk": 68, "fields": {"user": 69, "avatar": "avatars/foto_ebVYpEz.jpg", "gender": 1, "phone_number": "None", "birth_date": "1975-03-20", "city": "\u041a\u0438\u0457\u0432", "is_verificated": true, "verification_code": "SB69A1P4B69KIYDOK454D35VLYGWQT5999DAQJC7L8VTFUY3VG2TJY7IDPF0EB", "age_group": "40-44", "default_team": "\u0410\u043a\u0432\u0430-\u041a\u0438\u0457\u0432", "role": 1}}, {"model": "auth_main.profile", "pk": 69, "fields": {"user": 70, "avatar": "avatars/foto_ec3JWzc.jpg", "gender": 1, "phone_number": "None", "birth_date": "1969-01-01", "city": "\u041a\u0438\u0457\u0432", "is_verificated": true, "verification_code": "7ZFMYFIDVA9XCIS65DE569U8IUSLXGJ9IN5V5NXG0AWTLYACNBN8WG1LJTS9TE", "age_group": "45-49", "default_team": "No Stars", "role": 1}}, {"model": "auth_main.profile", "pk": 70, "fields": {"user": 71, "avatar": "avatars/foto_zK6wPc0.jpg", "gender": 1, "phone_number": "None", "birth_date": "1975-01-01", "city": "\u0427\u0435\u0440\u043a\u0430\u0441\u0438", "is_verificated": true, "verification_code": "7PEL8VVD4SRRR5QSL5OUVHSVZWOM48WPY50R249ZG2YSCSS26BVHV26JPULC3F", "age_group": "40-44", "default_team": "\u041e\u0441\u043e\u0431\u0438\u0441\u0442\u043e", "role": 1}}, {"model": "auth_main.profile", "pk": 71, "fields": {"user": 72, "avatar": "avatars/foto_ig4Q1Uq.jpg", "gender": 1, "phone_number": "None", "birth_date": "1953-11-12", "city": "\u0425\u0430\u0440\u043a\u0456\u0432", "is_verificated": true, "verification_code": "YM8UDF8NDNWZYIRZ77ADS5RM1TFEU7VRZBV5W8K2DZP3TW75NMJCI6HASZLLD5", "age_group": "65-69", "default_team": "\u0425\u0410\u0418", "role": 1}}, {"model": "auth_main.profile", "pk": 72, "fields": {"user": 73, "avatar": "avatars/foto_r3rxhL7.jpg", "gender": 1, "phone_number": "None", "birth_date": "1987-09-17", "city": "\u041a\u0438\u0457\u0432", "is_verificated": true, "verification_code": "ZZOS05CL6SQWJ5PLK5D4YOCM9KRN4M4C5JN03BB9YKNC9REC1P03D0UA4YSZP9", "age_group": "30-34", "default_team": "\u041c\u0430\u0440\u043b\u0456\u043d", "role": 1}}, {"model": "auth_main.profile", "pk": 73, "fields": {"user": 74, "avatar": "avatars/foto_PKrSatz.jpg", "gender": 2, "phone_number": "None", "birth_date": "1995-05-20", "city": "\u041a\u0438\u0457\u0432", "is_verificated": true, "verification_code": "XUN4ONAFLEBL3PFB0WBIUZXEVRRDXKP7BZAPP7YOSIA1D9GEXN62VG3PTZSRYN", "age_group": "20-25", "default_team": "\u041c\u0430\u0440\u043b\u0456\u043d", "role": 1}}, {"model": "auth_main.profile", "pk": 74, "fields": {"user": 75, "avatar": "avatars/foto_thQURXw.jpg", "gender": 1, "phone_number": "None", "birth_date": "1988-04-05", "city": "\u041a\u0438\u0457\u0432", "is_verificated": true, "verification_code": "P3Q8WT1SCIE590VFNVZW39GWZOUWMP1TBHYDKIRUEWWPSI8962IPARIAT85BOL", "age_group": "30-34", "default_team": "\u041c\u0430\u0440\u043b\u0456\u043d", "role": 1}}, {"model": "auth_main.profile", "pk": 75, "fields": {"user": 76, "avatar": "avatars/foto_WK62g47.jpg", "gender": 1, "phone_number": "Empty", "birth_date": "1993-04-09", "city": "\u041a\u0438\u0457\u0432", "is_verificated": true, "verification_code": "9BTBKZN6KQKHX2R55DHCKZE7WA1M6HV3HKM7UM7AQUGMRV0QZKFQTBKJLSYUP8", "age_group": "20-25", "default_team": "\u041c\u0430\u0440\u043b\u0456\u043d", "role": 1}}, {"model": "auth_main.profile", "pk": 76, "fields": {"user": 77, "avatar": "avatars/foto_hagBsXi.jpg", "gender": 1, "phone_number": "None", "birth_date": "1959-01-01", "city": "\u0414\u043d\u0435\u043f\u0440", "is_verificated": true, "verification_code": "COC75IC195ZR2BJPF3F59XC9079K45SZIGG9WAOCFT742VJ3EK769YJS51YB6S", "age_group": "55-59", "default_team": "\u0410\u0414\u041d-\u0412\u0435\u0442\u0435\u0440\u0430\u043d\u0438", "role": 1}}, {"model": "auth_main.profile", "pk": 77, "fields": {"user": 78, "avatar": "avatars/foto_qElqheY.jpg", "gender": 1, "phone_number": "None", "birth_date": "1959-01-01", "city": "\u0414\u043d\u0435\u043f\u0440", "is_verificated": true, "verification_code": "C11CV7QXFDT0G6PPVUR8LS5Q170M9UY5FJZJDNGI29OG6H2S73D3C6RS2AUJND", "age_group": "55-59", "default_team": "\u0410\u0414\u041d-\u0412\u0435\u0442\u0435\u0440\u0430\u043d\u0438", "role": 1}}, {"model": "auth_main.profile", "pk": 78, "fields": {"user": 79, "avatar": "avatars/foto_og8I2Xf.jpg", "gender": 1, "phone_number": "None", "birth_date": "1968-01-01", "city": "\u0414\u043d\u0435\u043f\u0440", "is_verificated": true, "verification_code": "95C7UT7RUUZG48DCI49H4Y4XB7OUP8E5AASOL72OBACXW8YL6IGABT1BODGKM3", "age_group": "50-54", "default_team": "\u0410\u0414\u041d-\u0412\u0435\u0442\u0435\u0440\u0430\u043d\u0438", "role": 1}}, {"model": "auth_main.profile", "pk": 79, "fields": {"user": 80, "avatar": "avatars/foto_rL0X7po.jpg", "gender": 1, "phone_number": "None", "birth_date": "1966-01-01", "city": "\u0414\u043d\u0435\u043f\u0440", "is_verificated": true, "verification_code": "NBBE31YANVE9LYRT4JDRONTEOC1KTY5ZSJJ6KMWCPLRMDPFNC211R2LBF65KFA", "age_group": "50-54", "default_team": "\u0410\u0414\u041d-\u0412\u0435\u0442\u0435\u0440\u0430\u043d\u0438", "role": 1}}, {"model": "auth_main.profile", "pk": 80, "fields": {"user": 81, "avatar": "avatars/1527616296162..jpg", "gender": 1, "phone_number": "0669936081", "birth_date": "1981-12-27", "city": "\u041f\u043e\u043b\u0442\u0430\u0432\u0430", "is_verificated": true, "verification_code": "QX9PNPVBB2YAKNFH4U040GFB0HU35BUWDM9HBASHR3L2PMO1FRONRZXMVOBROG", "age_group": "35-39", "default_team": "\u0421\u043a\u0430\u0436\u0435\u043d\u0456 \u043a\u0430\u0440\u0430\u0441\u0456", "role": 1}}, {"model": "auth_main.profile", "pk": 82, "fields": {"user": 83, "avatar": "avatars/IMG_20180527_202439_711.jpg", "gender": 1, "phone_number": "+380660925285", "birth_date": "1985-11-12", "city": "\u041f\u043e\u043b\u0442\u0430\u0432\u0430", "is_verificated": true, "verification_code": "WQBMSZKQRI301ZXA0CERSHES2OHILD66NAS1JQTXGG0UKHMDAC5E7T1J4ZIQ3X", "age_group": "30-34", "default_team": "\u0421\u043a\u0430\u0436\u0435\u043d\u0456 \u043a\u0430\u0440\u0430\u0441\u0456", "role": 1}}, {"model": "auth_main.profile", "pk": 83, "fields": {"user": 84, "avatar": "avatars/foto_C73jlAt.jpg", "gender": 1, "phone_number": "None", "birth_date": "1968-01-01", "city": "\u041a\u0438\u0457\u0432", "is_verificated": true, "verification_code": "QJW2KFAB94W65GWF0GBSGO5XBJKEEZBVYZEHVDCANROE754V6G93YEUN4NOFYZ", "age_group": "50-54", "default_team": "\u041a\u0430\u0442\u0440\u0430\u043d", "role": 1}}, {"model": "auth_main.profile", "pk": 84, "fields": {"user": 85, "avatar": "avatars/IMG-ff9aded8d1a68d42b05c009f8ced257f-V_CzsvJKF.jpg", "gender": 2, "phone_number": "+380999534101", "birth_date": "1986-06-29", "city": "\u041f\u043e\u043b\u0442\u0430\u0432\u0430", "is_verificated": true, "verification_code": "WV77PP1FHWIJFNG4VYA3LIOCK8NRAPQW6YISYMTBX7MOC5YWT2AID7YO2EUWNS", "age_group": "30-34", "default_team": "\u0421\u043a\u0430\u0436\u0435\u043di \u043a\u0430\u0440\u0430\u0441i", "role": 1}}, {"model": "auth_main.profile", "pk": 85, "fields": {"user": 86, "avatar": "avatars/foto_WpeJOGx.jpg", "gender": 1, "phone_number": "Empty", "birth_date": "1962-04-22", "city": "\u041a\u0438\u0457\u0432", "is_verificated": true, "verification_code": "QH4DPJ0GAQ2RR5303UTOCA6KJPJY6TR30BC56CCW4H7LEYCVTFCAE05BIGXEZ7", "age_group": "55-59", "default_team": "\u0427\u0443\u0431\u0438\u043d\u0441\u043a\u0438\u0435 \u0411\u043e\u0431\u0440\u044b", "role": 1}}, {"model": "auth_main.profile", "pk": 86, "fields": {"user": 89, "avatar": "avatars/foto_yZeobge.jpg", "gender": 1, "phone_number": "None", "birth_date": "1953-12-16", "city": "\u0427\u0438\u043a\u0430\u0433\u043e", "is_verificated": true, "verification_code": "7VLC6FOPJRLHOX9AZ8LSUVBMK60TXMJQN4WGQD68VYAMGN2HY8YDUKT8ZXLTWF", "age_group": "65-69", "default_team": "\u0421\u043a\u0430\u0436\u0435\u043d\u0456 \u043a\u0430\u0440\u0430\u0441\u0456", "role": 1}}, {"model": "auth_main.profile", "pk": 87, "fields": {"user": 90, "avatar": "avatars/foto_eOTqL2m.jpg", "gender": 2, "phone_number": "None", "birth_date": "1971-05-02", "city": "\u041a\u0438\u0457\u0432", "is_verificated": true, "verification_code": "UV4W6WJ3F9LMKELF44C90XSEMA0XCMVJ5D5O7SJDR29AWR6GC4KMBGQ44M93SD", "age_group": "45-49", "default_team": "\u0427\u0443\u0431\u0438\u043d\u0441\u043a\u0438\u0435 \u0411\u043e\u0431\u0440\u044b", "role": 1}}, {"model": "auth_main.profile", "pk": 88, "fields": {"user": 91, "avatar": "avatars/foto_SD2WFbw.jpg", "gender": 1, "phone_number": "0503338299", "birth_date": "1983-05-14", "city": "\u041f\u043e\u043b\u0442\u0430\u0432\u0430", "is_verificated": true, "verification_code": "0WM8000ED9W395ZHQU8OF0MA0EEPQZIHWY8WHNH04F18N8P15PN22QOX7135J6", "age_group": "35-39", "default_team": "\u0421\u043a\u0430\u0436\u0435\u043d\u0456 \u043a\u0430\u0440\u0430\u0441\u0456", "role": 1}}, {"model": "auth_main.profile", "pk": 89, "fields": {"user": 92, "avatar": "avatars/no-img.png", "gender": 1, "phone_number": null, "birth_date": null, "city": "\u0417\u0430\u043f\u043e\u0440i\u0436\u0436\u044f", "is_verificated": true, "verification_code": "L387ENBQL2YHUZEQVCXLJQ7DVYVAN2OMJHD3BDUM428SQBI779F7ON8ZZJVF0B", "age_group": "", "default_team": "", "role": 1}}, {"model": "auth_main.profile", "pk": 90, "fields": {"user": 93, "avatar": "avatars/IMG-d8451bc294516b8a5d082760a9c6a8a4-V.jpg", "gender": 2, "phone_number": "(000) 000-00-00", "birth_date": "1975-04-01", "city": "\u0417\u0430\u043f\u043e\u0440\u0456\u0436\u0436\u044f", "is_verificated": true, "verification_code": "9AKUNZB17MXMUDJ2O1535TFJ9I2L121I5V4SPEIVNTHK5QY738JS88OVKF6L5T", "age_group": "40-44", "default_team": "Team2swim", "role": 1}}, {"model": "auth_main.profile", "pk": 91, "fields": {"user": 94, "avatar": "avatars/IMG-d8451bc294516b8a5d082760a9c6a8a4-V_PtQNZEN.jpg", "gender": 1, "phone_number": "Empty", "birth_date": "1975-08-22", "city": "\u0417\u0430\u043f\u043e\u0440\u0456\u0436\u0436\u044f", "is_verificated": true, "verification_code": "Y8CIF1NPQIDIJX3FTY33MFCX8MYGL53S1WUIPF3UDU397MBQIX6QXX1RHAK9ZW", "age_group": "40-44", "default_team": "Team2swim", "role": 1}}, {"model": "auth_main.profile", "pk": 92, "fields": {"user": 95, "avatar": "avatars/IMG-d8451bc294516b8a5d082760a9c6a8a4-V_49vEh82.jpg", "gender": 1, "phone_number": "Empty", "birth_date": "1986-09-09", "city": "\u0417\u0430\u043f\u043e\u0440\u0456\u0436\u0436\u044f", "is_verificated": true, "verification_code": "15GD2B7YPC1621ES8K7SHPC289C3WNDE4W5DSLWC8CXKLBP30ZZGORHG8FG0T6", "age_group": "30-34", "default_team": "Team2swim", "role": 1}}, {"model": "auth_main.profile", "pk": 93, "fields": {"user": 96, "avatar": "avatars/foto_Tc6iARx.jpg", "gender": 1, "phone_number": "None", "birth_date": "1954-01-01", "city": "\u041f\u043e\u043b\u0442\u0430\u0432\u0430", "is_verificated": true, "verification_code": "V0Q6KS0VS1RCI4QLUB9PG8Z3A3NDQFCAEEZKSHHLMV4HW0ORAAXA75WH19ZWA0", "age_group": "60-64", "default_team": "\u0421\u043a\u0430\u0436\u0435\u043d\u0456 \u043a\u0430\u0440\u0430\u0441\u0456", "role": 1}}, {"model": "auth_main.profile", "pk": 94, "fields": {"user": 97, "avatar": "avatars/foto_6Dvq5zL.jpg", "gender": 1, "phone_number": "None", "birth_date": "1954-01-01", "city": "\u041f\u043e\u043b\u0442\u0430\u0432\u0430", "is_verificated": true, "verification_code": "A2Z3TIGXJDAI7HQZ45XJFBFWEISY7VAZD11KWZIFQO4J55WMTQK0FTQYK1ALKS", "age_group": "60-64", "default_team": "\u041e\u0441\u043e\u0431\u0438\u0441\u0442\u043e", "role": 1}}, {"model": "auth_main.profile", "pk": 95, "fields": {"user": 98, "avatar": "avatars/foto_QrRBmca.jpg", "gender": 1, "phone_number": "None", "birth_date": "1958-09-12", "city": "\u041a\u0440\u0438\u0432\u0438\u0439 \u0420\u0456\u0433", "is_verificated": true, "verification_code": "LUATGBWO38ANCDJMBAIMD524PXJO7MBYYHY3VB99ADJFKQF1VEDKWBBPLAOL2N", "age_group": "60-64", "default_team": "\u041a\u0440\u0438\u0432\u0431\u0430\u0441 \u041c\u0430\u0441\u0442\u0435\u0440\u0441", "role": 1}}, {"model": "auth_main.profile", "pk": 96, "fields": {"user": 99, "avatar": "avatars/foto_8WWUj50.jpg", "gender": 2, "phone_number": "None", "birth_date": "1989-12-13", "city": "\u041f\u043e\u043b\u0442\u0430\u0432\u0430", "is_verificated": true, "verification_code": "L1ERQD50O2AACUOQPUBIB4ZODG5EQOBZZRL811H16HCEVBV2WDQROTZK4NGKKE", "age_group": "25-29", "default_team": "\u0421\u043a\u0430\u0436\u0435\u043d\u0456 \u043a\u0430\u0440\u0430\u0441\u0456", "role": 1}}, {"model": "auth_main.profile", "pk": 97, "fields": {"user": 100, "avatar": "avatars/\u0424\u043e\u0442\u043e1_XCw5CN1.jpg", "gender": 1, "phone_number": "+380675325600", "birth_date": "1983-07-01", "city": "\u041f\u043e\u043b\u0442\u0430\u0432\u0430", "is_verificated": true, "verification_code": "RL3594WT0BA7CCWJYOIDI2XN9AV2OBPFE7XS96BEPV2T4QUUPZ7ZY7Q9A8RYEE", "age_group": "35-39", "default_team": "\u0421\u043a\u0430\u0436\u0435\u043d\u0456 \u043a\u0430\u0440\u0430\u0441\u0456", "role": 1}}, {"model": "auth_main.profile", "pk": 98, "fields": {"user": 101, "avatar": "avatars/foto_IfrLgsJ.jpg", "gender": 1, "phone_number": "None", "birth_date": "1973-02-25", "city": "\u041f\u043e\u043b\u0442\u0430\u0432\u0438", "is_verificated": true, "verification_code": "YJUSMPYLTM1K59WIL6BF132UPEW5BRDNTJXY8BTL6E388R51E9L9IR4X643FQX", "age_group": "45-49", "default_team": "\u041a\u0440\u0435\u043c\u0456\u043d\u044c \u041c\u0430\u0441\u0442\u0435\u0440\u0441", "role": 1}}, {"model": "auth_main.profile", "pk": 99, "fields": {"user": 102, "avatar": "avatars/no-img.png", "gender": 1, "phone_number": null, "birth_date": null, "city": "\u041f\u043e\u043b\u0442\u0430\u0432\u0430", "is_verificated": true, "verification_code": "403806Y3VB8B6OVYC2V6OMVUKI6S5THU5V6YJBNEKETFK2GSA7B5IAB94707OG", "age_group": "", "default_team": "", "role": 1}}, {"model": "auth_main.contactmessage", "pk": 1, "fields": {"full_name": "test", "email": "illko1@gmail.com", "message": "cffdsfs"}}, {"model": "auth_main.contactmessage", "pk": 6, "fields": {"full_name": "\u041f\u043e\u0440\u043e\u0432\u0430\u0439 \u0414\u043c\u0438\u0442\u0440\u043e", "email": "porovaj-dima@ukr.net", "message": "50 \u0432/\u0441  \u0438 50 \u043d/\u0441 -\u0431\u043e\u043b\u044c\u0448\u0430\u044f \u0432\u043e\u0434\u0430"}}, {"model": "auth_main.contactmessage", "pk": 8, "fields": {"full_name": "\u0415\u043b\u0435\u043d\u0430 \u041b\u0438\u043d\u0434\u0445\u043e\u043b\u044c\u0442", "email": "Lenal@psi.kiev.ua", "message": "\u041d\u0435 \u0441\u043c\u043e\u0433\u043b\u0430 \u043d\u0430\u0439\u0442\u0438 \u0434\u0438\u0441\u0442\u0430\u043d\u0446\u0438\u0438, \u043d\u0430 \u043a\u043e\u0442\u043e\u0440\u044b\u0435 \u0440\u0435\u0433\u0435\u0441\u0442\u0440\u0438\u0440\u043e\u0432\u0430\u0442\u044c\u0441\u044f. \u041f\u043e\u0436\u0430\u043b\u0443\u0439\u0441\u0442\u0430 50 \u0432/\u0441 36.0, \u0431\u0440 42.0, 100 \u0432/\u0441 N/A, 100 \u0431\u0440\u0430\u0441\u0441 N/A. \u0412\u043e\u0437\u0440\u0430\u0441\u0442 45-49, 02.05.71"}}, {"model": "auth_main.contactmessage", "pk": 9, "fields": {"full_name": "\u0412\u043b\u0430\u0434\u0438\u043c\u0438\u0440 \u0411\u0440\u044b\u043a\u043e\u0432. 11.02.1950 \u0433.\u0440.  100\u043c \u0438. 50 \u043c  \u0434\u043b\u0438\u043d\u043d\u0430\u044f \u0438 \u043a\u043e\u0440\u043e\u0442\u043a\u0430\u044f \u0432\u043e\u0436\u0430", "email": "brykov.vp@gmail.com", "message": ""}}, {"model": "auth_main.contactmessage", "pk": 10, "fields": {"full_name": "\u0410\u043d\u0434\u0440\u0435\u0439 \u041b\u044b\u0441\u0435\u043d\u043a\u043e", "email": "andremagnat@ukr.net", "message": "\u0417\u0430\u044f\u0432\u043a\u0430 \u043d\u0430 \u0441\u043e\u0440\u0435\u0432\u043d\u043e\u0432\u0430\u043d\u0438\u044f.\r\n1) \u0414\u0440\u0438\u0433\u043e\u043b\u0430 \u0413\u0435\u043d\u043d\u0430\u0434\u0438\u0439 1.02.1970\u0433.\u041a\u043b\u0443\u0431 \u0410\u0414\u041d-\u0412\u0435\u0442\u0435\u0440\u0430\u043d\u044b (\u0414\u043d\u0435\u043f\u0440).\u041a\u0430\u0442\u0435\u0433\u043e\u0440\u0438\u044f 45-49.  \u041f\u0435\u0440\u0432\u044b\u0439 \u0434\u0435\u043d\u044c :100\u0432\u0441-0.35.00;100\u0432\u0441-1.20.00; \u0412\u0442\u043e\u0440\u043e\u0439 \u0434\u0435\u043d\u044c 50\u0441\u043f\u0438\u043d\u0430-0.45.00;100 \u0441\u043f\u0438\u043d\u0430-1.40.00.\r\n\r\n2) \u0412\u0435\u0434\u0435\u0440\u043d\u0438\u043a\u043e\u0432 \u0412\u043b\u0430\u0434\u0438\u0441\u043b\u0430\u0432 16.05.1991\u0433.\u041a\u043b\u0443\u0431 \u0410\u0414\u041d-\u0412\u0435\u0442\u0435\u0440\u0430\u043d\u044b (\u0414\u043d\u0435\u043f\u0440). \u041a\u0430\u0442\u0435\u0433\u043e\u0440\u0438\u044f 25-29. \u041f\u0435\u0440\u0432\u044b\u0439 \u0434\u0435\u043d\u044c 50\u0432\u0441-0.24.50;\u0412\u0442\u043e\u0440\u043e\u0439 \u0434\u0435\u043d\u044c 50\u0432\u0441-0.24.50;100\u0432\u0441- 0.54.50.\r\n\r\n3) \u0415\u043f\u0438\u0449\u0435\u043d\u043a\u043e \u0421\u0435\u0440\u0433\u0435\u0439 30.06.1977\u0433. \u041a\u043b\u0443\u0431 \u0410\u0414\u041d-\u0412\u0435\u0442\u0435\u0440\u0430\u043d\u044b(\u0414\u043d\u0435\u043f\u0440). \u041a\u0430\u0442\u0435\u0433\u043e\u0440\u0438\u044f 40-44.  \u041f\u0435\u0440\u0432\u044b\u0439 \u0434\u0435\u043d\u044c 50\u0432\u0441-0.27.50; 100\u0432\u0441-1.02.00;\u0412\u0442\u043e\u0440\u043e\u0439 \u0434\u0435\u043d\u044c 100\u043a\u043f-1.10.00; 50\u0432\u0441-0.27.00; 100\u0432\u0441-1.00.00.\r\n\r\n4) \u041f\u0435\u0447\u0435\u043d\u044e\u043a \u0412\u043b\u0430\u0434\u0438\u043c\u0438\u0440 26.05.1980\u0433.\u041a\u043b\u0443\u0431 \u0410\u0414\u041d-\u0412\u0435\u0442\u0435\u0440\u0430\u043d\u044b (\u0414\u043d\u0435\u043f\u0440).\u041a\u0430\u0442\u0435\u0433\u043e\u0440\u0438\u044f 35-39. \u041f\u0435\u0440\u0432\u044b\u0439 \u0434\u0435\u043d\u044c 100\u0431\u0430\u0442-1.05.00; 100\u0432\u0441-1.00.00; \u0412\u0442\u043e\u0440\u043e\u0439 \u0434\u0435\u043d\u044c 100\u0431\u0430\u0442-1.03.00; 100\u0432\u0441-0.59.00.\r\n\r\n5) \u041b\u044b\u0441\u0435\u043d\u043a\u043e \u0410\u043d\u0434\u0440\u0435\u0439 22.03.1973\u0433. \u041a\u043b\u0443\u0431 No Stars (\u0427\u0435\u0440\u043d\u0438\u0433\u043e\u0432). \u041a\u0430\u0442\u0435\u0433\u043e\u0440\u0438\u044f 45-49. \u041f\u0435\u0440\u0432\u044b\u0439 \u0434\u0435\u043d\u044c 100\u0431\u0430\u0442-1.10.00; \r\n50 \u0431\u0440\u0430\u0441\u0441-0.34.50; \u0412\u0442\u043e\u0440\u043e\u0439 \u0434\u0435\u043d\u044c 100\u043a\u043f-1.05.50; 50\u0431\u0430\u0442-0.29.00; 50\u0441\u043f\u0438\u043d\u0430-0.30.50."}}, {"model": "auth_main.contactmessage", "pk": 11, "fields": {"full_name": "\u0428\u043a\u0430\u0440\u043b\u0435\u0442 \u0410\u043b\u0435\u043a\u0441\u0430\u043d\u0434\u0440", "email": "san59@i.ua", "message": "\u0417\u0430\u044f\u0432\u043a\u0430  \u043a\u043e\u043c\u0430\u043d\u0434\u0430 \u0414\u043d\u0435\u043f\u0440\r\n                                              \u0428\u043a\u0430\u0440\u043b\u0435\u0442 \u0410\u043b\u0435\u043a\u0441\u0430\u043d\u0434\u0440 1959\u0433,\u0440 \u043a\u0430\u0442 55-59\r\n1-\u0439 \u0434\u0435\u043d\u044c \u0434\u0438\u0441\u0442\u0430\u043d\u0446\u0438\u044f 50\u0432/\u0441 32,0  \u0434\u0438\u0441\u0442\u0430\u043d\u0446\u0438\u044f 100\u0432/\u0441 1,10,0\r\n2-\u0439 \u0434\u0435\u043d\u044c \u0434\u0438\u0441\u0442\u0430\u043d\u0446\u0438\u044f 50\u0432/\u0441  32,0 \u0434\u0438\u043c\u0442\u0430\u043d\u0446\u0438\u044f 100\u0432/\u0441 1,10,0\r\n                                               \u041c\u0443\u0440\u0430\u0448\u043a\u043e \u0412\u0430\u043b\u0435\u0440\u0438\u0439 1959\u0433,\u0440, \u043a\u0430\u0442  55-59\r\n1-\u0439 \u0434\u0435\u043d\u044c  50\u0432/\u0441 30,0 50\u0431\u0440\u0430\u0441\u0441 -37,5\r\n2-\u0439 \u0434\u0435\u043d\u044c 50\u0432/\u0441 30,0 50\u0431\u0440\u0430\u0441\u0441 -38,0\r\n                                               \u0411\u043e\u0447\u0430\u0440\u043e\u0432 \u0412\u043b\u0430\u0434\u0438\u043c\u0438\u0440 1968 \u0433,\u0440, \u043a\u0430\u0442  50-55\r\n1-\u0439 \u0434\u0435\u043d\u044c 100\u0431\u0430\u0442,-1,25,0  50\u0432/\u0441 30,0  50\u0431\u0440\u0430\u0441\u0441 -38,5\r\n2-\u0439 \u0434\u043d\u044c --------------------------------------\r\n                                               \u041f\u0430\u0440\u0433\u0430\u043c\u043e\u043d\u043e\u0432 \u0421\u0435\u0440\u0433\u0435\u0439  1966\u0433,\u0440, \u043a\u0430\u0442 50-55\r\n1-\u0439 \u0434\u0435\u043d\u044c  50\u0432/\u0441 -35,0 100\u0432/\u0441 1,20,0\r\n2-\u0439 \u0434\u0435\u043d\u044c  100\u0432/\u0441 -35,0 100\u0432/\u0441 1,20,0"}}, {"model": "auth_main.contactmessage", "pk": 14, "fields": {"full_name": "\u0412\u041e\u041b\u041e\u0414\u0418\u041c\u0418\u0420", "email": "KRAFTPROFIL@UKR.NET", "message": ""}}, {"model": "auth_main.contactmessage", "pk": 15, "fields": {"full_name": "\u0412\u041e\u041b\u041e\u0414\u0418\u041c\u0418\u0420", "email": "kraftprofil@ukr.net", "message": ""}}, {"model": "auth_main.contactmessage", "pk": 17, "fields": {"full_name": "\u0412\u043e\u043b\u043e\u0434\u0438\u043c\u0438\u0440 \u041a\u0430\u0440\u0442\u0430\u043b\u044c\u043e\u0432", "email": "kartalyev@gmail", "message": "\u041d\u0435 \u043c\u043e\u0436\u0443 \u0432\u0438\u0431\u0440\u0430\u0442\u0438 \u0434\u0438\u0441\u0442\u0430\u043d\u0446\u0456\u044e."}}, {"model": "core.team", "pk": 1, "fields": {"name": "\u042b\u0430\u044b", "logo": "logos/3.png", "description": "", "created_at": "2018-05-12T10:15:18.560Z"}}, {"model": "core.team", "pk": 2, "fields": {"name": "\u0421\u043a\u0430\u0436\u0435\u043d\u0456 \u043a\u0430\u0440\u0430\u0441\u0456", "logo": "logos/\u0421\u043a\u0430\u0436\u0435\u043d\u0456_\u041a\u0430\u0440\u0430\u0441\u0456.png", "description": "", "created_at": "2018-05-12T10:20:55.543Z"}}, {"model": "core.team", "pk": 3, "fields": {"name": "\u0427\u0443\u0431\u0438\u043d\u0441\u043a\u0438\u0435 \u0411\u043e\u0431\u0440\u044b", "logo": "logos/\u0421\u043f\u0438\u0441\u043e\u043a_\u043a\u043b\u0443\u0431\u0430_\u0427\u0443\u0431\u0438\u043d\u0441\u043a\u0438\u0435_\u0411\u043e\u0431\u0440\u044b_2018.xlsx", "description": "\u043f\u0433\u0442 \u0427\u0443\u0431\u0438\u043d\u0441\u043a\u043e\u0435 \u041a\u0438\u0435\u0432\u0441\u043a\u0430\u044f \u043e\u0431\u043b\u0430\u0441\u0442\u044c", "created_at": "2018-05-14T19:30:49.670Z"}}, {"model": "core.team", "pk": 15, "fields": {"name": "\u041a\u0440\u0438\u0432\u0431\u0430\u0441 \u041c\u0430\u0441\u0442\u0435\u0440\u0441", "logo": "logos/2018-05-27_0014_2gTxxGm.png", "description": "", "created_at": "2018-05-26T21:20:54.088Z"}}, {"model": "core.team", "pk": 16, "fields": {"name": "\u041c\u0430\u0440\u043b\u0456\u043d", "logo": "logos/f.jpg", "description": "", "created_at": "2018-05-29T14:58:36.651Z"}}, {"model": "core.team", "pk": 17, "fields": {"name": "\u0410\u0414\u041d-\u0412\u0435\u0442\u0435\u0440\u0430\u043d\u0438", "logo": "logos/f_q6rl6K8.jpg", "description": "", "created_at": "2018-05-29T16:10:09Z"}}, {"model": "core.teamrelationtouser", "pk": 1, "fields": {"user": 18, "team": 1, "is_coach": true}}, {"model": "core.teamrelationtouser", "pk": 2, "fields": {"user": 17, "team": 2, "is_coach": true}}, {"model": "core.teamrelationtouser", "pk": 3, "fields": {"user": 16, "team": 2, "is_coach": false}}, {"model": "core.teamrelationtouser", "pk": 4, "fields": {"user": 19, "team": 2, "is_coach": false}}, {"model": "core.teamrelationtouser", "pk": 5, "fields": {"user": 21, "team": 2, "is_coach": false}}, {"model": "core.teamrelationtouser", "pk": 6, "fields": {"user": 22, "team": 2, "is_coach": false}}, {"model": "core.teamrelationtouser", "pk": 7, "fields": {"user": 23, "team": 2, "is_coach": false}}, {"model": "core.teamrelationtouser", "pk": 8, "fields": {"user": 24, "team": 2, "is_coach": false}}, {"model": "core.teamrelationtouser", "pk": 9, "fields": {"user": 26, "team": 3, "is_coach": true}}, {"model": "core.teamrelationtouser", "pk": 10, "fields": {"user": 29, "team": 2, "is_coach": false}}, {"model": "core.teamrelationtouser", "pk": 11, "fields": {"user": 28, "team": 2, "is_coach": false}}, {"model": "core.teamrelationtouser", "pk": 12, "fields": {"user": 31, "team": 2, "is_coach": false}}, {"model": "core.teamrelationtouser", "pk": 13, "fields": {"user": 20, "team": 2, "is_coach": false}}, {"model": "core.teamrelationtouser", "pk": 14, "fields": {"user": 32, "team": 2, "is_coach": false}}, {"model": "core.teamrelationtouser", "pk": 16, "fields": {"user": 36, "team": 2, "is_coach": false}}, {"model": "core.teamrelationtouser", "pk": 17, "fields": {"user": 37, "team": 2, "is_coach": false}}, {"model": "core.teamrelationtouser", "pk": 18, "fields": {"user": 44, "team": 2, "is_coach": false}}, {"model": "core.teamrelationtouser", "pk": 19, "fields": {"user": 45, "team": 2, "is_coach": false}}, {"model": "core.teamrelationtouser", "pk": 20, "fields": {"user": 48, "team": 2, "is_coach": false}}, {"model": "core.teamrelationtouser", "pk": 21, "fields": {"user": 53, "team": 2, "is_coach": false}}, {"model": "core.teamrelationtouser", "pk": 22, "fields": {"user": 55, "team": 15, "is_coach": true}}, {"model": "core.teamrelationtouser", "pk": 23, "fields": {"user": 54, "team": 15, "is_coach": false}}, {"model": "core.teamrelationtouser", "pk": 24, "fields": {"user": 56, "team": 15, "is_coach": false}}, {"model": "core.teamrelationtouser", "pk": 25, "fields": {"user": 57, "team": 15, "is_coach": false}}, {"model": "core.teamrelationtouser", "pk": 26, "fields": {"user": 58, "team": 15, "is_coach": false}}, {"model": "core.teamrelationtouser", "pk": 27, "fields": {"user": 46, "team": 3, "is_coach": false}}, {"model": "core.teamrelationtouser", "pk": 28, "fields": {"user": 73, "team": 16, "is_coach": true}}, {"model": "core.teamrelationtouser", "pk": 29, "fields": {"user": 77, "team": 17, "is_coach": true}}, {"model": "core.teamrelationtouser", "pk": 30, "fields": {"user": 86, "team": 3, "is_coach": false}}, {"model": "core.teamrelationtouser", "pk": 31, "fields": {"user": 89, "team": 2, "is_coach": false}}, {"model": "core.teamrelationtouser", "pk": 32, "fields": {"user": 85, "team": 2, "is_coach": false}}, {"model": "core.teamrelationtouser", "pk": 33, "fields": {"user": 83, "team": 2, "is_coach": false}}, {"model": "core.teamrelationtouser", "pk": 34, "fields": {"user": 81, "team": 2, "is_coach": false}}, {"model": "core.invitations", "pk": 1, "fields": {"from_user": 17, "to_user": 16, "team": 2, "is_active": false, "created_at": "2018-05-12T10:22:12.814Z"}}, {"model": "core.invitations", "pk": 2, "fields": {"from_user": 17, "to_user": 15, "team": 2, "is_active": true, "created_at": "2018-05-12T10:34:20.975Z"}}, {"model": "core.invitations", "pk": 3, "fields": {"from_user": 17, "to_user": 19, "team": 2, "is_active": false, "created_at": "2018-05-12T11:42:57.123Z"}}, {"model": "core.invitations", "pk": 4, "fields": {"from_user": 17, "to_user": 20, "team": 2, "is_active": true, "created_at": "2018-05-12T13:28:02.907Z"}}, {"model": "core.invitations", "pk": 5, "fields": {"from_user": 17, "to_user": 21, "team": 2, "is_active": false, "created_at": "2018-05-12T13:49:00.104Z"}}, {"model": "core.invitations", "pk": 6, "fields": {"from_user": 17, "to_user": 22, "team": 2, "is_active": false, "created_at": "2018-05-12T21:00:13.532Z"}}, {"model": "core.invitations", "pk": 7, "fields": {"from_user": 17, "to_user": 23, "team": 2, "is_active": false, "created_at": "2018-05-13T14:38:19.272Z"}}, {"model": "core.invitations", "pk": 8, "fields": {"from_user": 17, "to_user": 24, "team": 2, "is_active": false, "created_at": "2018-05-13T16:32:43.943Z"}}, {"model": "core.invitations", "pk": 10, "fields": {"from_user": 17, "to_user": 28, "team": 2, "is_active": false, "created_at": "2018-05-15T09:02:49.398Z"}}, {"model": "core.invitations", "pk": 11, "fields": {"from_user": 17, "to_user": 29, "team": 2, "is_active": false, "created_at": "2018-05-15T09:58:23.464Z"}}, {"model": "core.invitations", "pk": 12, "fields": {"from_user": 17, "to_user": 31, "team": 2, "is_active": true, "created_at": "2018-05-17T12:28:50Z"}}, {"model": "core.invitations", "pk": 13, "fields": {"from_user": 17, "to_user": 32, "team": 2, "is_active": false, "created_at": "2018-05-18T14:47:47.841Z"}}, {"model": "core.invitations", "pk": 14, "fields": {"from_user": 17, "to_user": 36, "team": 2, "is_active": false, "created_at": "2018-05-21T14:03:13.984Z"}}, {"model": "core.invitations", "pk": 15, "fields": {"from_user": 17, "to_user": 37, "team": 2, "is_active": false, "created_at": "2018-05-21T19:49:58.014Z"}}, {"model": "core.invitations", "pk": 16, "fields": {"from_user": 17, "to_user": 44, "team": 2, "is_active": true, "created_at": "2018-05-25T11:58:16.806Z"}}, {"model": "core.invitations", "pk": 17, "fields": {"from_user": 17, "to_user": 45, "team": 2, "is_active": true, "created_at": "2018-05-25T13:51:38.971Z"}}, {"model": "core.invitations", "pk": 18, "fields": {"from_user": 17, "to_user": 48, "team": 2, "is_active": false, "created_at": "2018-05-25T17:16:45.251Z"}}, {"model": "core.invitations", "pk": 19, "fields": {"from_user": 17, "to_user": 53, "team": 2, "is_active": false, "created_at": "2018-05-26T18:05:52.847Z"}}, {"model": "core.invitations", "pk": 20, "fields": {"from_user": 55, "to_user": 54, "team": 15, "is_active": false, "created_at": "2018-05-26T21:21:24.928Z"}}, {"model": "core.invitations", "pk": 21, "fields": {"from_user": 55, "to_user": 56, "team": 15, "is_active": false, "created_at": "2018-05-26T21:36:50.928Z"}}, {"model": "core.invitations", "pk": 22, "fields": {"from_user": 55, "to_user": 57, "team": 15, "is_active": false, "created_at": "2018-05-26T21:36:59.491Z"}}, {"model": "core.invitations", "pk": 23, "fields": {"from_user": 55, "to_user": 58, "team": 15, "is_active": false, "created_at": "2018-05-26T21:37:07.187Z"}}, {"model": "core.invitations", "pk": 24, "fields": {"from_user": 26, "to_user": 51, "team": 3, "is_active": true, "created_at": "2018-05-27T19:58:06.651Z"}}, {"model": "core.invitations", "pk": 25, "fields": {"from_user": 26, "to_user": 46, "team": 3, "is_active": false, "created_at": "2018-05-27T19:59:37.431Z"}}, {"model": "core.invitations", "pk": 27, "fields": {"from_user": 26, "to_user": 86, "team": 3, "is_active": false, "created_at": "2018-05-30T13:32:11.721Z"}}, {"model": "core.invitations", "pk": 28, "fields": {"from_user": 17, "to_user": 83, "team": 2, "is_active": true, "created_at": "2018-05-30T15:03:25.047Z"}}, {"model": "core.invitations", "pk": 29, "fields": {"from_user": 17, "to_user": 85, "team": 2, "is_active": true, "created_at": "2018-05-30T15:03:34.178Z"}}, {"model": "core.invitations", "pk": 30, "fields": {"from_user": 17, "to_user": 89, "team": 2, "is_active": false, "created_at": "2018-05-30T21:00:53.105Z"}}, {"model": "core.competition", "pk": 1, "fields": {"name": "\u0412\u0406\u0414\u041a\u0420\u0418\u0422\u0410 \u041f\u0415\u0420\u0428\u0406\u0421\u0422\u042c \u041f\u041e\u041b\u0422\u0410\u0412\u0421\u042c\u041a\u041e\u0407 \u041e\u0411\u041b\u0410\u0421\u0422\u0406 \u0417 \u041f\u041b\u0410\u0412\u0410\u041d\u041d\u042f \u0421\u0415\u0420\u0415\u0414 \u0421\u041f\u041e\u0420\u0422\u0421\u041c\u0415\u041d\u0406\u0412 \u041a\u0410\u0422\u0415\u0413\u041e\u0420\u0406\u0407 \u00ab\u041c\u0410\u0421\u0422\u0415\u0420\u0421\u00bb", "count_days": 2, "pool_sizes": "50,25", "description": "\u0412\u0406\u0414\u041a\u0420\u0418\u0422\u0410 \u041f\u0415\u0420\u0428\u0406\u0421\u0422\u042c \u041f\u041e\u041b\u0422\u0410\u0412\u0421\u042c\u041a\u041e\u0407 \u041e\u0411\u041b\u0410\u0421\u0422\u0406 \u0417 \u041f\u041b\u0410\u0412\u0410\u041d\u041d\u042f \u0421\u0415\u0420\u0415\u0414 \u0421\u041f\u041e\u0420\u0422\u0421\u041c\u0415\u041d\u0406\u0412 \u041a\u0410\u0422\u0415\u0413\u041e\u0420\u0406\u0407 \u00ab\u041c\u0410\u0421\u0422\u0415\u0420\u0421\u00bb\r\n\r\n\r\n\u0417\u0430\u043f\u0440\u043e\u0448\u0443\u0454\u043c\u043e \u0432\u0441\u0456\u0445 \u0441\u043f\u043e\u0440\u0442\u0441\u043c\u0435\u043d\u0456\u0432 \u0456 \u043b\u044e\u0431\u0438\u0442\u0435\u043b\u0456\u0432 \u043f\u043b\u0430\u0432\u0430\u043d\u043d\u044f \u0434\u043e \u0441\u0442\u0430\u0440\u043e\u0434\u0430\u0432\u043d\u044c\u043e\u0433\u043e \u043c\u0456\u0441\u0442\u0430, \u0434\u0443\u0445\u043e\u0432\u043d\u043e\u0457 \u0441\u0442\u043e\u043b\u0438\u0446\u0456 \u0423\u043a\u0440\u0430\u0457\u043d\u0438, \u043c. \u041f\u043e\u043b\u0442\u0430\u0432\u0430, \u043d\u0430 \u0412\u0456\u0434\u043a\u0440\u0438\u0442\u0443 \u043f\u0435\u0440\u0448\u0456\u0441\u0442\u044c \u041f\u043e\u043b\u0442\u0430\u0432\u0441\u044c\u043a\u043e\u0457 \u043e\u0431\u043b\u0430\u0441\u0442\u0456 \u0437 \u043f\u043b\u0430\u0432\u0430\u043d\u043d\u044f \u0441\u0435\u0440\u0435\u0434 \u0441\u043f\u043e\u0440\u0442\u0441\u043c\u0435\u043d\u0456\u0432 \u043a\u0430\u0442\u0435\u0433\u043e\u0440\u0456\u0457 \u00ab\u041c\u0430\u0441\u0442\u0435\u0440\u0441\u00bb. \u0422\u0443\u0442 \u0432\u0438 \u043c\u043e\u0436\u0435\u0442\u0435 \u043e\u0437\u043d\u0430\u0439\u043e\u043c\u0438\u0442\u0438\u0441\u044f \u0437 \u0440\u0435\u0433\u043b\u0430\u043c\u0435\u043d\u0442\u043e\u043c \u0437\u043c\u0430\u0433\u0430\u043d\u044c.\r\n\r\n\u0414\u043e \u0443\u0447\u0430\u0441\u0442\u0456 \u0443 \u0437\u043c\u0430\u0433\u0430\u043d\u043d\u044f\u0445 \u0434\u043e\u043f\u0443\u0441\u043a\u0430\u044e\u0442\u044c\u0441\u044f \u0432\u0435\u0442\u0435\u0440\u0430\u043d\u0438 \u0442\u0430 \u043b\u044e\u0431\u0438\u0442\u0435\u043b\u0456 \u043f\u043b\u0430\u0432\u0430\u043d\u043d\u044f \u043d\u0435 \u043c\u043e\u043b\u043e\u0434\u0448\u0435 25 \u0440\u043e\u043a\u0456\u0432.\r\n\r\n\u0417\u043c\u0430\u0433\u0430\u043d\u043d\u044f \u043f\u0440\u043e\u0432\u043e\u0434\u044f\u0442\u044c\u0441\u044f \u0432 \u0434\u0432\u0430 \u0435\u0442\u0430\u043f\u0438: \r\n\r\n\u0406 \u0434\u0435\u043d\u044c \u2013 \u0434\u043e\u0432\u0433\u0430 \u0432\u043e\u0434\u0430; \r\n\u0406\u0406 \u0434\u0435\u043d\u044c \u2013 \u043a\u043e\u0440\u043e\u0442\u043a\u0430 \u0432\u043e\u0434\u0430. \u0414\u043e\u0437\u0432\u043e\u043b\u044f\u0454\u0442\u044c\u0441\u044f \u043f\u043b\u0438\u0441\u0442\u0438 \u043e\u0434\u043d\u0430\u043a\u043e\u0432\u0456 \u0434\u0438\u0441\u0442\u0430\u043d\u0446\u0456\u0457 \u0443 \u0440\u0456\u0437\u043d\u0456 \u0434\u043d\u0456.\r\n\r\n2 \u0447\u0435\u0440\u0432\u043d\u044f 2018 \u0440. (\u0441\u0443\u0431\u043e\u0442\u0430)\r\n\r\n11:00 \u2013 13:30 \u2013 \u0440\u0435\u0454\u0441\u0442\u0440\u0430\u0446\u0456\u044f \u0443\u0447\u0430\u0441\u043d\u0438\u043a\u0456\u0432\r\n14:00 \u2013 14:45 \u2013 \u0440\u043e\u0437\u043c\u0438\u043d\u043a\u0430\r\n15:00 \u2013 \u0441\u0442\u0430\u0440\u0442\r\n\r\n3 \u0447\u0435\u0440\u0432\u043d\u044f 2018 \u0440. (\u043d\u0435\u0434\u0456\u043b\u044f)\r\n\r\n09:00 \u2013 09:45 \u2013 \u0440\u043e\u0437\u043c\u0438\u043d\u043a\u0430\r\n10:00 \u2013 \u0441\u0442\u0430\u0440\u0442\r\n\r\n\u2013 \u0441\u0442\u0430\u0440\u0442\u043e\u0432\u0438\u0439 \u0432\u043d\u0435\u0441\u043e\u043a \u0437\u0430 \u0432\u0441\u0456 \u0434\u0438\u0441\u0442\u0430\u043d\u0446\u0456\u0457 \u2013 200 \u0433\u0440\u043d.; \r\n\u2013 \u0441\u0442\u0430\u0440\u0442\u043e\u0432\u0438\u0439 \u0432\u043d\u0435\u0441\u043e\u043a \u043a\u043e\u043c\u0430\u043d\u0434\u0438 \u0437\u0430 \u0435\u0441\u0442\u0430\u0444\u0435\u0442\u0443 \u2013 150 \u0433\u0440\u043d.; \r\n\r\n\u2013 \u0436\u0456\u043d\u043a\u0438 \u0432\u0456\u0434 65 \u0440\u043e\u043a\u0456\u0432 \u0442\u0430 \u0447\u043e\u043b\u043e\u0432\u0456\u043a\u0438 \u0432\u0456\u0434 70 \u0440\u043e\u043a\u0456\u0432 \u0437\u0432\u0456\u043b\u044c\u043d\u044f\u044e\u0442\u044c\u0441\u044f \u0432\u0456\u0434 \u0441\u043f\u043b\u0430\u0442\u0438 \u0441\u0442\u0430\u0440\u0442\u043e\u0432\u043e\u0433\u043e \u0432\u043d\u0435\u0441\u043a\u0443.\r\n\r\n\r\n\u0417\u0430 \u0434\u0435\u0442\u0430\u043b\u044c\u043d\u043e\u044e \u0456\u043d\u0444\u043e\u0440\u043c\u0430\u0446\u0456\u0454\u044e \u0437\u0432\u0435\u0440\u0442\u0430\u0439\u0442\u0435\u0441\u044c: (097)-643-61-56, (050)-131-16-23", "logo": "competitions/logos/2018-05-10_001950-user_3.png", "region": "ukraine", "track_count": 4, "is_creating_finished": true, "is_register_finished": true, "started_at": "2018-06-02", "created_at": "2018-05-09T21:27:31Z", "created_by": 3}}, {"model": "core.competitionuser", "pk": 29, "fields": {"competition": 1, "user": 24, "created_at": "2018-05-13T17:04:19.378Z", "is_complete": true}}, {"model": "core.competitionuser", "pk": 33, "fields": {"competition": 1, "user": 25, "created_at": "2018-05-14T07:53:29.717Z", "is_complete": true}}, {"model": "core.competitionuser", "pk": 35, "fields": {"competition": 1, "user": 23, "created_at": "2018-05-15T13:25:22.134Z", "is_complete": true}}, {"model": "core.competitionuser", "pk": 39, "fields": {"competition": 1, "user": 33, "created_at": "2018-05-20T12:00:17.473Z", "is_complete": true}}, {"model": "core.competitionuser", "pk": 42, "fields": {"competition": 1, "user": 16, "created_at": "2018-05-21T17:51:47.922Z", "is_complete": true}}, {"model": "core.competitionuser", "pk": 43, "fields": {"competition": 1, "user": 37, "created_at": "2018-05-21T19:53:50.619Z", "is_complete": true}}, {"model": "core.competitionuser", "pk": 45, "fields": {"competition": 1, "user": 22, "created_at": "2018-05-21T20:01:03.411Z", "is_complete": true}}, {"model": "core.competitionuser", "pk": 46, "fields": {"competition": 1, "user": 29, "created_at": "2018-05-21T21:28:24Z", "is_complete": false}}, {"model": "core.competitionuser", "pk": 47, "fields": {"competition": 1, "user": 28, "created_at": "2018-05-21T21:39:18Z", "is_complete": false}}, {"model": "core.competitionuser", "pk": 48, "fields": {"competition": 1, "user": 32, "created_at": "2018-05-21T21:44:16Z", "is_complete": false}}, {"model": "core.competitionuser", "pk": 49, "fields": {"competition": 1, "user": 21, "created_at": "2018-05-22T06:18:24Z", "is_complete": false}}, {"model": "core.competitionuser", "pk": 50, "fields": {"competition": 1, "user": 36, "created_at": "2018-05-22T06:41:38Z", "is_complete": false}}, {"model": "core.competitionuser", "pk": 51, "fields": {"competition": 1, "user": 19, "created_at": "2018-05-22T10:43:00Z", "is_complete": false}}, {"model": "core.competitionuser", "pk": 52, "fields": {"competition": 1, "user": 20, "created_at": "2018-05-22T18:25:29Z", "is_complete": false}}, {"model": "core.competitionuser", "pk": 53, "fields": {"competition": 1, "user": 17, "created_at": "2018-05-22T19:02:51Z", "is_complete": false}}, {"model": "core.competitionuser", "pk": 54, "fields": {"competition": 1, "user": 38, "created_at": "2018-05-23T07:33:57.036Z", "is_complete": true}}, {"model": "core.competitionuser", "pk": 55, "fields": {"competition": 1, "user": 42, "created_at": "2018-05-24T20:11:55.612Z", "is_complete": true}}, {"model": "core.competitionuser", "pk": 56, "fields": {"competition": 1, "user": 43, "created_at": "2018-05-24T20:38:15Z", "is_complete": false}}, {"model": "core.competitionuser", "pk": 58, "fields": {"competition": 1, "user": 44, "created_at": "2018-05-25T13:13:20Z", "is_complete": false}}, {"model": "core.competitionuser", "pk": 59, "fields": {"competition": 1, "user": 46, "created_at": "2018-05-25T14:03:07.401Z", "is_complete": true}}, {"model": "core.competitionuser", "pk": 60, "fields": {"competition": 1, "user": 47, "created_at": "2018-05-25T16:18:22.994Z", "is_complete": true}}, {"model": "core.competitionuser", "pk": 61, "fields": {"competition": 1, "user": 48, "created_at": "2018-05-25T17:20:09Z", "is_complete": false}}, {"model": "core.competitionuser", "pk": 62, "fields": {"competition": 1, "user": 49, "created_at": "2018-05-25T17:33:16.935Z", "is_complete": true}}, {"model": "core.competitionuser", "pk": 63, "fields": {"competition": 1, "user": 50, "created_at": "2018-05-25T17:45:51.953Z", "is_complete": true}}, {"model": "core.competitionuser", "pk": 64, "fields": {"competition": 1, "user": 51, "created_at": "2018-05-25T17:55:01.068Z", "is_complete": true}}, {"model": "core.competitionuser", "pk": 65, "fields": {"competition": 1, "user": 41, "created_at": "2018-05-25T18:34:03Z", "is_complete": false}}, {"model": "core.competitionuser", "pk": 66, "fields": {"competition": 1, "user": 31, "created_at": "2018-05-25T18:53:18Z", "is_complete": false}}, {"model": "core.competitionuser", "pk": 67, "fields": {"competition": 1, "user": 52, "created_at": "2018-05-26T13:15:53.172Z", "is_complete": true}}, {"model": "core.competitionuser", "pk": 70, "fields": {"competition": 1, "user": 53, "created_at": "2018-05-26T18:29:59Z", "is_complete": false}}, {"model": "core.competitionuser", "pk": 71, "fields": {"competition": 1, "user": 55, "created_at": "2018-05-26T21:19:05.304Z", "is_complete": true}}, {"model": "core.competitionuser", "pk": 72, "fields": {"competition": 1, "user": 54, "created_at": "2018-05-26T21:27:54.753Z", "is_complete": true}}, {"model": "core.competitionuser", "pk": 73, "fields": {"competition": 1, "user": 56, "created_at": "2018-05-26T21:30:19.574Z", "is_complete": true}}, {"model": "core.competitionuser", "pk": 74, "fields": {"competition": 1, "user": 57, "created_at": "2018-05-26T21:33:04.444Z", "is_complete": true}}, {"model": "core.competitionuser", "pk": 75, "fields": {"competition": 1, "user": 58, "created_at": "2018-05-26T21:35:24.977Z", "is_complete": true}}, {"model": "core.competitionuser", "pk": 76, "fields": {"competition": 1, "user": 59, "created_at": "2018-05-27T09:52:03.394Z", "is_complete": true}}, {"model": "core.competitionuser", "pk": 79, "fields": {"competition": 1, "user": 61, "created_at": "2018-05-27T12:59:20.249Z", "is_complete": true}}, {"model": "core.competitionuser", "pk": 80, "fields": {"competition": 1, "user": 62, "created_at": "2018-05-27T13:03:02.910Z", "is_complete": true}}, {"model": "core.competitionuser", "pk": 81, "fields": {"competition": 1, "user": 63, "created_at": "2018-05-27T13:06:32.756Z", "is_complete": true}}, {"model": "core.competitionuser", "pk": 82, "fields": {"competition": 1, "user": 64, "created_at": "2018-05-27T13:10:20.629Z", "is_complete": true}}, {"model": "core.competitionuser", "pk": 83, "fields": {"competition": 1, "user": 66, "created_at": "2018-05-27T19:03:27.549Z", "is_complete": true}}, {"model": "core.competitionuser", "pk": 84, "fields": {"competition": 1, "user": 45, "created_at": "2018-05-29T08:44:04Z", "is_complete": false}}, {"model": "core.competitionuser", "pk": 85, "fields": {"competition": 1, "user": 67, "created_at": "2018-05-29T13:50:06.081Z", "is_complete": true}}, {"model": "core.competitionuser", "pk": 86, "fields": {"competition": 1, "user": 68, "created_at": "2018-05-29T14:05:41.621Z", "is_complete": true}}, {"model": "core.competitionuser", "pk": 87, "fields": {"competition": 1, "user": 69, "created_at": "2018-05-29T14:14:53.822Z", "is_complete": true}}, {"model": "core.competitionuser", "pk": 88, "fields": {"competition": 1, "user": 70, "created_at": "2018-05-29T14:21:25.061Z", "is_complete": true}}, {"model": "core.competitionuser", "pk": 89, "fields": {"competition": 1, "user": 71, "created_at": "2018-05-29T14:33:56.197Z", "is_complete": true}}, {"model": "core.competitionuser", "pk": 90, "fields": {"competition": 1, "user": 72, "created_at": "2018-05-29T14:47:50.815Z", "is_complete": true}}, {"model": "core.competitionuser", "pk": 93, "fields": {"competition": 1, "user": 65, "created_at": "2018-05-29T15:36:19Z", "is_complete": false}}, {"model": "core.competitionuser", "pk": 94, "fields": {"competition": 1, "user": 75, "created_at": "2018-05-29T15:40:08.929Z", "is_complete": true}}, {"model": "core.competitionuser", "pk": 95, "fields": {"competition": 1, "user": 76, "created_at": "2018-05-29T15:56:36Z", "is_complete": false}}, {"model": "core.competitionuser", "pk": 96, "fields": {"competition": 1, "user": 77, "created_at": "2018-05-29T16:11:03.421Z", "is_complete": true}}, {"model": "core.competitionuser", "pk": 97, "fields": {"competition": 1, "user": 78, "created_at": "2018-05-29T16:16:41.537Z", "is_complete": true}}, {"model": "core.competitionuser", "pk": 98, "fields": {"competition": 1, "user": 79, "created_at": "2018-05-29T16:21:15.965Z", "is_complete": true}}, {"model": "core.competitionuser", "pk": 99, "fields": {"competition": 1, "user": 80, "created_at": "2018-05-29T16:27:12.253Z", "is_complete": true}}, {"model": "core.competitionuser", "pk": 100, "fields": {"competition": 1, "user": 84, "created_at": "2018-05-29T20:40:10.009Z", "is_complete": true}}, {"model": "core.competitionuser", "pk": 101, "fields": {"competition": 1, "user": 83, "created_at": "2018-05-29T20:54:04.946Z", "is_complete": true}}, {"model": "core.competitionuser", "pk": 102, "fields": {"competition": 1, "user": 85, "created_at": "2018-05-29T22:58:41.343Z", "is_complete": true}}, {"model": "core.competitionuser", "pk": 103, "fields": {"competition": 1, "user": 89, "created_at": "2018-05-30T15:00:25.825Z", "is_complete": true}}, {"model": "core.competitionuser", "pk": 104, "fields": {"competition": 1, "user": 90, "created_at": "2018-05-30T21:22:20.239Z", "is_complete": true}}, {"model": "core.competitionuser", "pk": 105, "fields": {"competition": 1, "user": 86, "created_at": "2018-05-31T05:53:26Z", "is_complete": false}}, {"model": "core.competitionuser", "pk": 106, "fields": {"competition": 1, "user": 91, "created_at": "2018-05-31T22:43:59.216Z", "is_complete": true}}, {"model": "core.competitionuser", "pk": 107, "fields": {"competition": 1, "user": 93, "created_at": "2018-06-01T07:38:39.169Z", "is_complete": true}}, {"model": "core.competitionuser", "pk": 108, "fields": {"competition": 1, "user": 94, "created_at": "2018-06-01T07:43:19.522Z", "is_complete": true}}, {"model": "core.competitionuser", "pk": 109, "fields": {"competition": 1, "user": 95, "created_at": "2018-06-01T07:48:04.083Z", "is_complete": true}}, {"model": "core.competitionuser", "pk": 110, "fields": {"competition": 1, "user": 26, "created_at": "2018-06-01T07:56:37Z", "is_complete": false}}, {"model": "core.competitionuser", "pk": 111, "fields": {"competition": 1, "user": 81, "created_at": "2018-06-01T07:58:51Z", "is_complete": false}}, {"model": "core.competitionuser", "pk": 112, "fields": {"competition": 1, "user": 96, "created_at": "2018-06-01T12:04:26.524Z", "is_complete": true}}, {"model": "core.competitionuser", "pk": 113, "fields": {"competition": 1, "user": 97, "created_at": "2018-06-01T12:15:06.005Z", "is_complete": true}}, {"model": "core.competitionuser", "pk": 114, "fields": {"competition": 1, "user": 98, "created_at": "2018-06-01T12:27:30.974Z", "is_complete": true}}, {"model": "core.competitionuser", "pk": 115, "fields": {"competition": 1, "user": 99, "created_at": "2018-06-01T12:41:41.098Z", "is_complete": true}}, {"model": "core.competitionuser", "pk": 116, "fields": {"competition": 1, "user": 100, "created_at": "2018-06-01T13:14:36.259Z", "is_complete": true}}, {"model": "core.competitionuser", "pk": 117, "fields": {"competition": 1, "user": 101, "created_at": "2018-06-01T16:04:46.654Z", "is_complete": true}}, {"model": "core.competitionuser", "pk": 118, "fields": {"competition": 1, "user": 60, "created_at": "2018-06-01T19:00:16.912Z", "is_complete": true}}, {"model": "core.competitionuser", "pk": 119, "fields": {"competition": 1, "user": 40, "created_at": "2018-06-01T19:25:51Z", "is_complete": false}}, {"model": "core.competitionteam", "pk": 5, "fields": {"competition": 1, "team": 2, "created_at": "2018-05-22T10:43:19Z", "is_complete": false}}, {"model": "core.competitionteam", "pk": 7, "fields": {"competition": 1, "team": 15, "created_at": "2018-05-26T21:39:29Z", "is_complete": false}}, {"model": "core.competitionteam", "pk": 8, "fields": {"competition": 1, "team": 16, "created_at": "2018-05-29T17:08:22Z", "is_complete": false}}, {"model": "core.competitionteam", "pk": 9, "fields": {"competition": 1, "team": 17, "created_at": "2018-05-29T17:08:29Z", "is_complete": false}}, {"model": "core.competitionteam", "pk": 10, "fields": {"competition": 1, "team": 16, "created_at": "2018-06-01T18:53:07.140Z", "is_complete": true}}, {"model": "core.distance", "pk": 1, "fields": {"competition": 1, "type": 5, "length": 200, "day": 1}}, {"model": "core.distance", "pk": 2, "fields": {"competition": 1, "type": 2, "length": 100, "day": 1}}, {"model": "core.distance", "pk": 3, "fields": {"competition": 1, "type": 4, "length": 100, "day": 1}}, {"model": "core.distance", "pk": 4, "fields": {"competition": 1, "type": 1, "length": 50, "day": 1}}, {"model": "core.distance", "pk": 5, "fields": {"competition": 1, "type": 3, "length": 100, "day": 1}}, {"model": "core.distance", "pk": 6, "fields": {"competition": 1, "type": 2, "length": 50, "day": 1}}, {"model": "core.distance", "pk": 7, "fields": {"competition": 1, "type": 4, "length": 50, "day": 1}}, {"model": "core.distance", "pk": 8, "fields": {"competition": 1, "type": 1, "length": 100, "day": 1}}, {"model": "core.distance", "pk": 9, "fields": {"competition": 1, "type": 3, "length": 50, "day": 1}}, {"model": "core.distance", "pk": 10, "fields": {"competition": 1, "type": 5, "length": 100, "day": 2}}, {"model": "core.distance", "pk": 11, "fields": {"competition": 1, "type": 2, "length": 100, "day": 2}}, {"model": "core.distance", "pk": 12, "fields": {"competition": 1, "type": 4, "length": 100, "day": 2}}, {"model": "core.distance", "pk": 13, "fields": {"competition": 1, "type": 1, "length": 50, "day": 2}}, {"model": "core.distance", "pk": 14, "fields": {"competition": 1, "type": 3, "length": 100, "day": 2}}, {"model": "core.distance", "pk": 15, "fields": {"competition": 1, "type": 2, "length": 50, "day": 2}}, {"model": "core.distance", "pk": 16, "fields": {"competition": 1, "type": 4, "length": 50, "day": 2}}, {"model": "core.distance", "pk": 17, "fields": {"competition": 1, "type": 1, "length": 100, "day": 2}}, {"model": "core.distance", "pk": 18, "fields": {"competition": 1, "type": 3, "length": 50, "day": 2}}, {"model": "core.userdistance", "pk": 80, "fields": {"user": 14, "distance": 5, "pre_time": 33, "result_time": "", "is_finished": false, "points": null}}, {"model": "core.userdistance", "pk": 81, "fields": {"user": 14, "distance": 6, "pre_time": 33, "result_time": "", "is_finished": false, "points": null}}, {"model": "core.userdistance", "pk": 82, "fields": {"user": 14, "distance": 7, "pre_time": 22, "result_time": "", "is_finished": false, "points": null}}, {"model": "core.userdistance", "pk": 83, "fields": {"user": 14, "distance": 8, "pre_time": 43, "result_time": "", "is_finished": false, "points": null}}, {"model": "core.userdistance", "pk": 84, "fields": {"user": 14, "distance": 9, "pre_time": 59, "result_time": "", "is_finished": false, "points": null}}, {"model": "core.userdistance", "pk": 85, "fields": {"user": 14, "distance": 10, "pre_time": 44, "result_time": "", "is_finished": false, "points": null}}, {"model": "core.userdistance", "pk": 114, "fields": {"user": 16, "distance": 5, "pre_time": 15544, "result_time": null, "is_finished": false, "points": null}}, {"model": "core.userdistance", "pk": 115, "fields": {"user": 16, "distance": 9, "pre_time": 16235, "result_time": null, "is_finished": false, "points": null}}, {"model": "core.userdistance", "pk": 127, "fields": {"user": 24, "distance": 4, "pre_time": 3200, "result_time": null, "is_finished": false, "points": null}}, {"model": "core.userdistance", "pk": 128, "fields": {"user": 24, "distance": 7, "pre_time": 4100, "result_time": null, "is_finished": false, "points": null}}, {"model": "core.userdistance", "pk": 129, "fields": {"user": 24, "distance": 15, "pre_time": 4500, "result_time": null, "is_finished": false, "points": null}}, {"model": "core.userdistance", "pk": 137, "fields": {"user": 25, "distance": 3, "pre_time": 7700, "result_time": null, "is_finished": false, "points": null}}, {"model": "core.userdistance", "pk": 138, "fields": {"user": 25, "distance": 7, "pre_time": 3300, "result_time": null, "is_finished": false, "points": null}}, {"model": "core.userdistance", "pk": 139, "fields": {"user": 25, "distance": 12, "pre_time": 7400, "result_time": null, "is_finished": false, "points": null}}, {"model": "core.userdistance", "pk": 140, "fields": {"user": 25, "distance": 17, "pre_time": 6100, "result_time": null, "is_finished": false, "points": null}}, {"model": "core.userdistance", "pk": 141, "fields": {"user": 23, "distance": 3, "pre_time": 10000, "result_time": null, "is_finished": false, "points": null}}, {"model": "core.userdistance", "pk": 142, "fields": {"user": 23, "distance": 4, "pre_time": 3500, "result_time": null, "is_finished": false, "points": null}}, {"model": "core.userdistance", "pk": 143, "fields": {"user": 23, "distance": 7, "pre_time": 4500, "result_time": null, "is_finished": false, "points": null}}, {"model": "core.userdistance", "pk": 144, "fields": {"user": 23, "distance": 8, "pre_time": 8000, "result_time": null, "is_finished": false, "points": null}}, {"model": "core.userdistance", "pk": 145, "fields": {"user": 23, "distance": 10, "pre_time": 9500, "result_time": null, "is_finished": false, "points": null}}, {"model": "core.userdistance", "pk": 146, "fields": {"user": 23, "distance": 12, "pre_time": 9800, "result_time": null, "is_finished": false, "points": null}}, {"model": "core.userdistance", "pk": 147, "fields": {"user": 23, "distance": 13, "pre_time": 3400, "result_time": null, "is_finished": false, "points": null}}, {"model": "core.userdistance", "pk": 148, "fields": {"user": 23, "distance": 16, "pre_time": 4400, "result_time": null, "is_finished": false, "points": null}}, {"model": "core.userdistance", "pk": 161, "fields": {"user": 33, "distance": 4, "pre_time": 2950, "result_time": null, "is_finished": false, "points": null}}, {"model": "core.userdistance", "pk": 162, "fields": {"user": 33, "distance": 13, "pre_time": 2950, "result_time": null, "is_finished": false, "points": null}}, {"model": "core.userdistance", "pk": 167, "fields": {"user": 16, "distance": 5, "pre_time": 5000, "result_time": null, "is_finished": false, "points": null}}, {"model": "core.userdistance", "pk": 169, "fields": {"user": 16, "distance": 10, "pre_time": 11200, "result_time": null, "is_finished": false, "points": null}}, {"model": "core.userdistance", "pk": 171, "fields": {"user": 37, "distance": 5, "pre_time": 8700, "result_time": null, "is_finished": false, "points": null}}, {"model": "core.userdistance", "pk": 172, "fields": {"user": 37, "distance": 9, "pre_time": 3700, "result_time": null, "is_finished": false, "points": null}}, {"model": "core.userdistance", "pk": 173, "fields": {"user": 37, "distance": 14, "pre_time": 8500, "result_time": null, "is_finished": false, "points": null}}, {"model": "core.userdistance", "pk": 174, "fields": {"user": 37, "distance": 18, "pre_time": 3500, "result_time": null, "is_finished": false, "points": null}}, {"model": "core.userdistance", "pk": 179, "fields": {"user": 22, "distance": 1, "pre_time": 17000, "result_time": null, "is_finished": false, "points": null}}, {"model": "core.userdistance", "pk": 180, "fields": {"user": 22, "distance": 3, "pre_time": 8221, "result_time": null, "is_finished": false, "points": null}}, {"model": "core.userdistance", "pk": 181, "fields": {"user": 22, "distance": 10, "pre_time": 7200, "result_time": null, "is_finished": false, "points": null}}, {"model": "core.userdistance", "pk": 182, "fields": {"user": 22, "distance": 12, "pre_time": 8221, "result_time": null, "is_finished": false, "points": null}}, {"model": "core.userdistance", "pk": 184, "fields": {"user": 29, "distance": 4, "pre_time": 2650, "result_time": null, "is_finished": false, "points": null}}, {"model": "core.userdistance", "pk": 185, "fields": {"user": 29, "distance": 6, "pre_time": 2900, "result_time": null, "is_finished": false, "points": null}}, {"model": "core.userdistance", "pk": 186, "fields": {"user": 29, "distance": 9, "pre_time": 3000, "result_time": null, "is_finished": false, "points": null}}, {"model": "core.userdistance", "pk": 187, "fields": {"user": 29, "distance": 10, "pre_time": 6500, "result_time": null, "is_finished": false, "points": null}}, {"model": "core.userdistance", "pk": 188, "fields": {"user": 29, "distance": 13, "pre_time": 2600, "result_time": null, "is_finished": false, "points": null}}, {"model": "core.userdistance", "pk": 189, "fields": {"user": 29, "distance": 18, "pre_time": 2950, "result_time": null, "is_finished": false, "points": null}}, {"model": "core.userdistance", "pk": 190, "fields": {"user": 28, "distance": 4, "pre_time": 3350, "result_time": null, "is_finished": false, "points": null}}, {"model": "core.userdistance", "pk": 191, "fields": {"user": 28, "distance": 8, "pre_time": 7200, "result_time": null, "is_finished": false, "points": null}}, {"model": "core.userdistance", "pk": 192, "fields": {"user": 28, "distance": 13, "pre_time": 3350, "result_time": null, "is_finished": false, "points": null}}, {"model": "core.userdistance", "pk": 193, "fields": {"user": 28, "distance": 17, "pre_time": 7200, "result_time": null, "is_finished": false, "points": null}}, {"model": "core.userdistance", "pk": 194, "fields": {"user": 32, "distance": 4, "pre_time": 2750, "result_time": null, "is_finished": false, "points": null}}, {"model": "core.userdistance", "pk": 195, "fields": {"user": 32, "distance": 8, "pre_time": 6300, "result_time": null, "is_finished": false, "points": null}}, {"model": "core.userdistance", "pk": 196, "fields": {"user": 32, "distance": 10, "pre_time": 7000, "result_time": null, "is_finished": false, "points": null}}, {"model": "core.userdistance", "pk": 197, "fields": {"user": 32, "distance": 13, "pre_time": 2750, "result_time": null, "is_finished": false, "points": null}}, {"model": "core.userdistance", "pk": 198, "fields": {"user": 21, "distance": 1, "pre_time": 17000, "result_time": null, "is_finished": false, "points": null}}, {"model": "core.userdistance", "pk": 199, "fields": {"user": 21, "distance": 5, "pre_time": 7500, "result_time": null, "is_finished": false, "points": null}}, {"model": "core.userdistance", "pk": 200, "fields": {"user": 21, "distance": 9, "pre_time": 3350, "result_time": null, "is_finished": false, "points": null}}, {"model": "core.userdistance", "pk": 201, "fields": {"user": 21, "distance": 10, "pre_time": 7500, "result_time": null, "is_finished": false, "points": null}}, {"model": "core.userdistance", "pk": 202, "fields": {"user": 21, "distance": 14, "pre_time": 7300, "result_time": null, "is_finished": false, "points": null}}, {"model": "core.userdistance", "pk": 203, "fields": {"user": 21, "distance": 18, "pre_time": 3200, "result_time": null, "is_finished": false, "points": null}}, {"model": "core.userdistance", "pk": 204, "fields": {"user": 36, "distance": 7, "pre_time": 3250, "result_time": null, "is_finished": false, "points": null}}, {"model": "core.userdistance", "pk": 205, "fields": {"user": 36, "distance": 10, "pre_time": 6400, "result_time": null, "is_finished": false, "points": null}}, {"model": "core.userdistance", "pk": 206, "fields": {"user": 36, "distance": 16, "pre_time": 3200, "result_time": null, "is_finished": false, "points": null}}, {"model": "core.userdistance", "pk": 207, "fields": {"user": 19, "distance": 1, "pre_time": 18300, "result_time": null, "is_finished": false, "points": null}}, {"model": "core.userdistance", "pk": 208, "fields": {"user": 19, "distance": 4, "pre_time": 3150, "result_time": null, "is_finished": false, "points": null}}, {"model": "core.userdistance", "pk": 210, "fields": {"user": 19, "distance": 10, "pre_time": 8100, "result_time": null, "is_finished": false, "points": null}}, {"model": "core.userdistance", "pk": 211, "fields": {"user": 19, "distance": 13, "pre_time": 3050, "result_time": null, "is_finished": false, "points": null}}, {"model": "core.userdistance", "pk": 212, "fields": {"user": 19, "distance": 16, "pre_time": 3800, "result_time": null, "is_finished": false, "points": null}}, {"model": "core.userdistance", "pk": 213, "fields": {"user": 20, "distance": 2, "pre_time": 7000, "result_time": null, "is_finished": false, "points": null}}, {"model": "core.userdistance", "pk": 214, "fields": {"user": 20, "distance": 7, "pre_time": 3500, "result_time": null, "is_finished": false, "points": null}}, {"model": "core.userdistance", "pk": 215, "fields": {"user": 20, "distance": 10, "pre_time": 6800, "result_time": null, "is_finished": false, "points": null}}, {"model": "core.userdistance", "pk": 216, "fields": {"user": 20, "distance": 12, "pre_time": 7800, "result_time": null, "is_finished": false, "points": null}}, {"model": "core.userdistance", "pk": 217, "fields": {"user": 20, "distance": 15, "pre_time": 2950, "result_time": null, "is_finished": false, "points": null}}, {"model": "core.userdistance", "pk": 218, "fields": {"user": 17, "distance": 1, "pre_time": 16000, "result_time": null, "is_finished": false, "points": null}}, {"model": "core.userdistance", "pk": 219, "fields": {"user": 17, "distance": 3, "pre_time": 7800, "result_time": null, "is_finished": false, "points": null}}, {"model": "core.userdistance", "pk": 220, "fields": {"user": 17, "distance": 10, "pre_time": 6800, "result_time": null, "is_finished": false, "points": null}}, {"model": "core.userdistance", "pk": 221, "fields": {"user": 17, "distance": 12, "pre_time": 7700, "result_time": null, "is_finished": false, "points": null}}, {"model": "core.userdistance", "pk": 222, "fields": {"user": 38, "distance": 6, "pre_time": 3150, "result_time": null, "is_finished": false, "points": null}}, {"model": "core.userdistance", "pk": 223, "fields": {"user": 38, "distance": 15, "pre_time": 3150, "result_time": null, "is_finished": false, "points": null}}, {"model": "core.userdistance", "pk": 228, "fields": {"user": 42, "distance": 3, "pre_time": 7800, "result_time": null, "is_finished": false, "points": null}}, {"model": "core.userdistance", "pk": 229, "fields": {"user": 42, "distance": 7, "pre_time": 3400, "result_time": null, "is_finished": false, "points": null}}, {"model": "core.userdistance", "pk": 230, "fields": {"user": 42, "distance": 12, "pre_time": 7800, "result_time": null, "is_finished": false, "points": null}}, {"model": "core.userdistance", "pk": 231, "fields": {"user": 42, "distance": 16, "pre_time": 3400, "result_time": null, "is_finished": false, "points": null}}, {"model": "core.userdistance", "pk": 232, "fields": {"user": 43, "distance": 4, "pre_time": 2600, "result_time": null, "is_finished": false, "points": null}}, {"model": "core.userdistance", "pk": 233, "fields": {"user": 43, "distance": 7, "pre_time": 3600, "result_time": null, "is_finished": false, "points": null}}, {"model": "core.userdistance", "pk": 234, "fields": {"user": 43, "distance": 9, "pre_time": 3200, "result_time": null, "is_finished": false, "points": null}}, {"model": "core.userdistance", "pk": 238, "fields": {"user": 44, "distance": 6, "pre_time": 3000, "result_time": null, "is_finished": false, "points": null}}, {"model": "core.userdistance", "pk": 239, "fields": {"user": 46, "distance": 5, "pre_time": 7650, "result_time": null, "is_finished": false, "points": null}}, {"model": "core.userdistance", "pk": 240, "fields": {"user": 46, "distance": 9, "pre_time": 3400, "result_time": null, "is_finished": false, "points": null}}, {"model": "core.userdistance", "pk": 241, "fields": {"user": 46, "distance": 10, "pre_time": 7500, "result_time": null, "is_finished": false, "points": null}}, {"model": "core.userdistance", "pk": 242, "fields": {"user": 46, "distance": 14, "pre_time": 7350, "result_time": null, "is_finished": false, "points": null}}, {"model": "core.userdistance", "pk": 243, "fields": {"user": 46, "distance": 18, "pre_time": 3350, "result_time": null, "is_finished": false, "points": null}}, {"model": "core.userdistance", "pk": 244, "fields": {"user": 47, "distance": 1, "pre_time": 23000, "result_time": null, "is_finished": false, "points": null}}, {"model": "core.userdistance", "pk": 245, "fields": {"user": 47, "distance": 3, "pre_time": 10000, "result_time": null, "is_finished": false, "points": null}}, {"model": "core.userdistance", "pk": 246, "fields": {"user": 47, "distance": 8, "pre_time": 9500, "result_time": null, "is_finished": false, "points": null}}, {"model": "core.userdistance", "pk": 247, "fields": {"user": 47, "distance": 10, "pre_time": 9800, "result_time": null, "is_finished": false, "points": null}}, {"model": "core.userdistance", "pk": 248, "fields": {"user": 47, "distance": 14, "pre_time": 11000, "result_time": null, "is_finished": false, "points": null}}, {"model": "core.userdistance", "pk": 249, "fields": {"user": 47, "distance": 17, "pre_time": 9500, "result_time": null, "is_finished": false, "points": null}}, {"model": "core.userdistance", "pk": 250, "fields": {"user": 48, "distance": 3, "pre_time": 11500, "result_time": null, "is_finished": false, "points": null}}, {"model": "core.userdistance", "pk": 251, "fields": {"user": 48, "distance": 10, "pre_time": 11000, "result_time": null, "is_finished": false, "points": null}}, {"model": "core.userdistance", "pk": 252, "fields": {"user": 49, "distance": 5, "pre_time": 11000, "result_time": null, "is_finished": false, "points": null}}, {"model": "core.userdistance", "pk": 253, "fields": {"user": 49, "distance": 9, "pre_time": 5000, "result_time": null, "is_finished": false, "points": null}}, {"model": "core.userdistance", "pk": 254, "fields": {"user": 49, "distance": 14, "pre_time": 11000, "result_time": null, "is_finished": false, "points": null}}, {"model": "core.userdistance", "pk": 255, "fields": {"user": 49, "distance": 18, "pre_time": 5000, "result_time": null, "is_finished": false, "points": null}}, {"model": "core.userdistance", "pk": 256, "fields": {"user": 50, "distance": 4, "pre_time": 6500, "result_time": null, "is_finished": false, "points": null}}, {"model": "core.userdistance", "pk": 257, "fields": {"user": 50, "distance": 9, "pre_time": 7500, "result_time": null, "is_finished": false, "points": null}}, {"model": "core.userdistance", "pk": 258, "fields": {"user": 50, "distance": 13, "pre_time": 6500, "result_time": null, "is_finished": false, "points": null}}, {"model": "core.userdistance", "pk": 259, "fields": {"user": 50, "distance": 18, "pre_time": 7500, "result_time": null, "is_finished": false, "points": null}}, {"model": "core.userdistance", "pk": 260, "fields": {"user": 51, "distance": 3, "pre_time": 9700, "result_time": null, "is_finished": false, "points": null}}, {"model": "core.userdistance", "pk": 261, "fields": {"user": 51, "distance": 7, "pre_time": 4200, "result_time": null, "is_finished": false, "points": null}}, {"model": "core.userdistance", "pk": 262, "fields": {"user": 51, "distance": 9, "pre_time": 4600, "result_time": null, "is_finished": false, "points": null}}, {"model": "core.userdistance", "pk": 263, "fields": {"user": 51, "distance": 12, "pre_time": 9700, "result_time": null, "is_finished": false, "points": null}}, {"model": "core.userdistance", "pk": 264, "fields": {"user": 51, "distance": 16, "pre_time": 4200, "result_time": null, "is_finished": false, "points": null}}, {"model": "core.userdistance", "pk": 265, "fields": {"user": 51, "distance": 18, "pre_time": 4600, "result_time": null, "is_finished": false, "points": null}}, {"model": "core.userdistance", "pk": 266, "fields": {"user": 41, "distance": 4, "pre_time": 3000, "result_time": null, "is_finished": false, "points": null}}, {"model": "core.userdistance", "pk": 267, "fields": {"user": 41, "distance": 8, "pre_time": 7000, "result_time": null, "is_finished": false, "points": null}}, {"model": "core.userdistance", "pk": 268, "fields": {"user": 31, "distance": 1, "pre_time": 18000, "result_time": null, "is_finished": false, "points": null}}, {"model": "core.userdistance", "pk": 269, "fields": {"user": 31, "distance": 7, "pre_time": 4200, "result_time": null, "is_finished": false, "points": null}}, {"model": "core.userdistance", "pk": 270, "fields": {"user": 31, "distance": 6, "pre_time": 3200, "result_time": null, "is_finished": false, "points": null}}, {"model": "core.userdistance", "pk": 271, "fields": {"user": 52, "distance": 1, "pre_time": 16000, "result_time": null, "is_finished": false, "points": null}}, {"model": "core.userdistance", "pk": 272, "fields": {"user": 52, "distance": 4, "pre_time": 2600, "result_time": null, "is_finished": false, "points": null}}, {"model": "core.userdistance", "pk": 273, "fields": {"user": 52, "distance": 6, "pre_time": 3100, "result_time": null, "is_finished": false, "points": null}}, {"model": "core.userdistance", "pk": 274, "fields": {"user": 52, "distance": 7, "pre_time": 3200, "result_time": null, "is_finished": false, "points": null}}, {"model": "core.userdistance", "pk": 275, "fields": {"user": 52, "distance": 9, "pre_time": 3200, "result_time": null, "is_finished": false, "points": null}}, {"model": "core.userdistance", "pk": 276, "fields": {"user": 52, "distance": 10, "pre_time": 6700, "result_time": null, "is_finished": false, "points": null}}, {"model": "core.userdistance", "pk": 277, "fields": {"user": 52, "distance": 12, "pre_time": 7500, "result_time": null, "is_finished": false, "points": null}}, {"model": "core.userdistance", "pk": 278, "fields": {"user": 52, "distance": 15, "pre_time": 3100, "result_time": null, "is_finished": false, "points": null}}, {"model": "core.userdistance", "pk": 279, "fields": {"user": 52, "distance": 17, "pre_time": 5800, "result_time": null, "is_finished": false, "points": null}}, {"model": "core.userdistance", "pk": 288, "fields": {"user": 53, "distance": 4, "pre_time": 3800, "result_time": null, "is_finished": false, "points": null}}, {"model": "core.userdistance", "pk": 289, "fields": {"user": 53, "distance": 9, "pre_time": 3000, "result_time": null, "is_finished": false, "points": null}}, {"model": "core.userdistance", "pk": 290, "fields": {"user": 53, "distance": 7, "pre_time": 5000, "result_time": null, "is_finished": false, "points": null}}, {"model": "core.userdistance", "pk": 291, "fields": {"user": 53, "distance": 15, "pre_time": 5000, "result_time": null, "is_finished": false, "points": null}}, {"model": "core.userdistance", "pk": 292, "fields": {"user": 53, "distance": 16, "pre_time": 5000, "result_time": null, "is_finished": false, "points": null}}, {"model": "core.userdistance", "pk": 293, "fields": {"user": 55, "distance": 1, "pre_time": 17000, "result_time": null, "is_finished": false, "points": null}}, {"model": "core.userdistance", "pk": 294, "fields": {"user": 55, "distance": 8, "pre_time": 6500, "result_time": null, "is_finished": false, "points": null}}, {"model": "core.userdistance", "pk": 295, "fields": {"user": 55, "distance": 10, "pre_time": 7100, "result_time": null, "is_finished": false, "points": null}}, {"model": "core.userdistance", "pk": 296, "fields": {"user": 55, "distance": 17, "pre_time": 6200, "result_time": null, "is_finished": false, "points": null}}, {"model": "core.userdistance", "pk": 297, "fields": {"user": 54, "distance": 1, "pre_time": 21000, "result_time": null, "is_finished": false, "points": null}}, {"model": "core.userdistance", "pk": 298, "fields": {"user": 54, "distance": 6, "pre_time": 3800, "result_time": null, "is_finished": false, "points": null}}, {"model": "core.userdistance", "pk": 299, "fields": {"user": 54, "distance": 10, "pre_time": 9000, "result_time": null, "is_finished": false, "points": null}}, {"model": "core.userdistance", "pk": 300, "fields": {"user": 54, "distance": 15, "pre_time": 3700, "result_time": null, "is_finished": false, "points": null}}, {"model": "core.userdistance", "pk": 301, "fields": {"user": 56, "distance": 2, "pre_time": 9000, "result_time": null, "is_finished": false, "points": null}}, {"model": "core.userdistance", "pk": 302, "fields": {"user": 56, "distance": 5, "pre_time": 8500, "result_time": null, "is_finished": false, "points": null}}, {"model": "core.userdistance", "pk": 303, "fields": {"user": 56, "distance": 10, "pre_time": 8000, "result_time": null, "is_finished": false, "points": null}}, {"model": "core.userdistance", "pk": 304, "fields": {"user": 56, "distance": 15, "pre_time": 3900, "result_time": null, "is_finished": false, "points": null}}, {"model": "core.userdistance", "pk": 305, "fields": {"user": 56, "distance": 17, "pre_time": 7500, "result_time": null, "is_finished": false, "points": null}}, {"model": "core.userdistance", "pk": 306, "fields": {"user": 57, "distance": 6, "pre_time": 2950, "result_time": null, "is_finished": false, "points": null}}, {"model": "core.userdistance", "pk": 307, "fields": {"user": 57, "distance": 11, "pre_time": 6650, "result_time": null, "is_finished": false, "points": null}}, {"model": "core.userdistance", "pk": 308, "fields": {"user": 57, "distance": 18, "pre_time": 3250, "result_time": null, "is_finished": false, "points": null}}, {"model": "core.userdistance", "pk": 309, "fields": {"user": 58, "distance": 1, "pre_time": 19000, "result_time": null, "is_finished": false, "points": null}}, {"model": "core.userdistance", "pk": 310, "fields": {"user": 58, "distance": 3, "pre_time": 9300, "result_time": null, "is_finished": false, "points": null}}, {"model": "core.userdistance", "pk": 311, "fields": {"user": 58, "distance": 8, "pre_time": 7500, "result_time": null, "is_finished": false, "points": null}}, {"model": "core.userdistance", "pk": 312, "fields": {"user": 58, "distance": 10, "pre_time": 8500, "result_time": null, "is_finished": false, "points": null}}, {"model": "core.userdistance", "pk": 313, "fields": {"user": 58, "distance": 16, "pre_time": 4000, "result_time": null, "is_finished": false, "points": null}}, {"model": "core.userdistance", "pk": 314, "fields": {"user": 58, "distance": 17, "pre_time": 7400, "result_time": null, "is_finished": false, "points": null}}, {"model": "core.userdistance", "pk": 315, "fields": {"user": 14, "distance": 4, "pre_time": 2750, "result_time": "", "is_finished": false, "points": null}}, {"model": "core.userdistance", "pk": 316, "fields": {"user": 14, "distance": 8, "pre_time": 6300, "result_time": "", "is_finished": false, "points": null}}, {"model": "core.userdistance", "pk": 317, "fields": {"user": 14, "distance": 11, "pre_time": 7000, "result_time": "", "is_finished": false, "points": null}}, {"model": "core.userdistance", "pk": 318, "fields": {"user": 14, "distance": 17, "pre_time": 6300, "result_time": "", "is_finished": false, "points": null}}, {"model": "core.userdistance", "pk": 319, "fields": {"user": 59, "distance": 4, "pre_time": 3900, "result_time": null, "is_finished": false, "points": null}}, {"model": "core.userdistance", "pk": 320, "fields": {"user": 59, "distance": 13, "pre_time": 3800, "result_time": null, "is_finished": false, "points": null}}, {"model": "core.userdistance", "pk": 329, "fields": {"user": 61, "distance": 2, "pre_time": 6500, "result_time": null, "is_finished": false, "points": null}}, {"model": "core.userdistance", "pk": 330, "fields": {"user": 61, "distance": 8, "pre_time": 6000, "result_time": null, "is_finished": false, "points": null}}, {"model": "core.userdistance", "pk": 331, "fields": {"user": 61, "distance": 11, "pre_time": 6300, "result_time": null, "is_finished": false, "points": null}}, {"model": "core.userdistance", "pk": 332, "fields": {"user": 61, "distance": 17, "pre_time": 5900, "result_time": null, "is_finished": false, "points": null}}, {"model": "core.userdistance", "pk": 333, "fields": {"user": 62, "distance": 4, "pre_time": 2750, "result_time": null, "is_finished": false, "points": null}}, {"model": "core.userdistance", "pk": 334, "fields": {"user": 62, "distance": 8, "pre_time": 6200, "result_time": null, "is_finished": false, "points": null}}, {"model": "core.userdistance", "pk": 335, "fields": {"user": 62, "distance": 10, "pre_time": 7000, "result_time": null, "is_finished": false, "points": null}}, {"model": "core.userdistance", "pk": 336, "fields": {"user": 62, "distance": 13, "pre_time": 2700, "result_time": null, "is_finished": false, "points": null}}, {"model": "core.userdistance", "pk": 337, "fields": {"user": 62, "distance": 17, "pre_time": 6000, "result_time": null, "is_finished": false, "points": null}}, {"model": "core.userdistance", "pk": 338, "fields": {"user": 63, "distance": 4, "pre_time": 2450, "result_time": null, "is_finished": false, "points": null}}, {"model": "core.userdistance", "pk": 339, "fields": {"user": 63, "distance": 13, "pre_time": 2450, "result_time": null, "is_finished": false, "points": null}}, {"model": "core.userdistance", "pk": 340, "fields": {"user": 63, "distance": 17, "pre_time": 5450, "result_time": null, "is_finished": false, "points": null}}, {"model": "core.userdistance", "pk": 341, "fields": {"user": 64, "distance": 4, "pre_time": 3500, "result_time": null, "is_finished": false, "points": null}}, {"model": "core.userdistance", "pk": 342, "fields": {"user": 64, "distance": 8, "pre_time": 8000, "result_time": null, "is_finished": false, "points": null}}, {"model": "core.userdistance", "pk": 343, "fields": {"user": 64, "distance": 14, "pre_time": 10000, "result_time": null, "is_finished": false, "points": null}}, {"model": "core.userdistance", "pk": 344, "fields": {"user": 64, "distance": 18, "pre_time": 4500, "result_time": null, "is_finished": false, "points": null}}, {"model": "core.userdistance", "pk": 345, "fields": {"user": 66, "distance": 4, "pre_time": 2600, "result_time": null, "is_finished": false, "points": null}}, {"model": "core.userdistance", "pk": 346, "fields": {"user": 66, "distance": 6, "pre_time": 2750, "result_time": null, "is_finished": false, "points": null}}, {"model": "core.userdistance", "pk": 347, "fields": {"user": 45, "distance": 4, "pre_time": 3200, "result_time": null, "is_finished": false, "points": null}}, {"model": "core.userdistance", "pk": 348, "fields": {"user": 45, "distance": 7, "pre_time": 4000, "result_time": null, "is_finished": false, "points": null}}, {"model": "core.userdistance", "pk": 349, "fields": {"user": 45, "distance": 10, "pre_time": 8500, "result_time": null, "is_finished": false, "points": null}}, {"model": "core.userdistance", "pk": 350, "fields": {"user": 45, "distance": 18, "pre_time": 4000, "result_time": null, "is_finished": false, "points": null}}, {"model": "core.userdistance", "pk": 351, "fields": {"user": 67, "distance": 10, "pre_time": 8500, "result_time": null, "is_finished": false, "points": null}}, {"model": "core.userdistance", "pk": 352, "fields": {"user": 67, "distance": 12, "pre_time": 9500, "result_time": null, "is_finished": false, "points": null}}, {"model": "core.userdistance", "pk": 353, "fields": {"user": 67, "distance": 13, "pre_time": 3200, "result_time": null, "is_finished": false, "points": null}}, {"model": "core.userdistance", "pk": 354, "fields": {"user": 67, "distance": 14, "pre_time": 9000, "result_time": null, "is_finished": false, "points": null}}, {"model": "core.userdistance", "pk": 355, "fields": {"user": 67, "distance": 16, "pre_time": 4200, "result_time": null, "is_finished": false, "points": null}}, {"model": "core.userdistance", "pk": 356, "fields": {"user": 68, "distance": 3, "pre_time": 11500, "result_time": null, "is_finished": false, "points": null}}, {"model": "core.userdistance", "pk": 357, "fields": {"user": 68, "distance": 5, "pre_time": 10500, "result_time": null, "is_finished": false, "points": null}}, {"model": "core.userdistance", "pk": 358, "fields": {"user": 68, "distance": 7, "pre_time": 5000, "result_time": null, "is_finished": false, "points": null}}, {"model": "core.userdistance", "pk": 359, "fields": {"user": 68, "distance": 9, "pre_time": 4500, "result_time": null, "is_finished": false, "points": null}}, {"model": "core.userdistance", "pk": 360, "fields": {"user": 68, "distance": 12, "pre_time": 11500, "result_time": null, "is_finished": false, "points": null}}, {"model": "core.userdistance", "pk": 361, "fields": {"user": 68, "distance": 14, "pre_time": 10500, "result_time": null, "is_finished": false, "points": null}}, {"model": "core.userdistance", "pk": 362, "fields": {"user": 68, "distance": 16, "pre_time": 5000, "result_time": null, "is_finished": false, "points": null}}, {"model": "core.userdistance", "pk": 363, "fields": {"user": 68, "distance": 18, "pre_time": 4500, "result_time": null, "is_finished": false, "points": null}}, {"model": "core.userdistance", "pk": 364, "fields": {"user": 69, "distance": 3, "pre_time": 8700, "result_time": null, "is_finished": false, "points": null}}, {"model": "core.userdistance", "pk": 365, "fields": {"user": 69, "distance": 6, "pre_time": 3400, "result_time": null, "is_finished": false, "points": null}}, {"model": "core.userdistance", "pk": 366, "fields": {"user": 69, "distance": 7, "pre_time": 3900, "result_time": null, "is_finished": false, "points": null}}, {"model": "core.userdistance", "pk": 367, "fields": {"user": 69, "distance": 10, "pre_time": 8000, "result_time": null, "is_finished": false, "points": null}}, {"model": "core.userdistance", "pk": 368, "fields": {"user": 69, "distance": 12, "pre_time": 8400, "result_time": null, "is_finished": false, "points": null}}, {"model": "core.userdistance", "pk": 369, "fields": {"user": 69, "distance": 17, "pre_time": 7000, "result_time": null, "is_finished": false, "points": null}}, {"model": "core.userdistance", "pk": 370, "fields": {"user": 70, "distance": 3, "pre_time": 7700, "result_time": null, "is_finished": false, "points": null}}, {"model": "core.userdistance", "pk": 371, "fields": {"user": 70, "distance": 7, "pre_time": 3300, "result_time": null, "is_finished": false, "points": null}}, {"model": "core.userdistance", "pk": 372, "fields": {"user": 70, "distance": 12, "pre_time": 7700, "result_time": null, "is_finished": false, "points": null}}, {"model": "core.userdistance", "pk": 373, "fields": {"user": 70, "distance": 16, "pre_time": 3290, "result_time": null, "is_finished": false, "points": null}}, {"model": "core.userdistance", "pk": 374, "fields": {"user": 71, "distance": 2, "pre_time": 7400, "result_time": null, "is_finished": false, "points": null}}, {"model": "core.userdistance", "pk": 375, "fields": {"user": 71, "distance": 4, "pre_time": 2900, "result_time": null, "is_finished": false, "points": null}}, {"model": "core.userdistance", "pk": 376, "fields": {"user": 71, "distance": 6, "pre_time": 3000, "result_time": null, "is_finished": false, "points": null}}, {"model": "core.userdistance", "pk": 377, "fields": {"user": 71, "distance": 8, "pre_time": 6400, "result_time": null, "is_finished": false, "points": null}}, {"model": "core.userdistance", "pk": 378, "fields": {"user": 71, "distance": 11, "pre_time": 7400, "result_time": null, "is_finished": false, "points": null}}, {"model": "core.userdistance", "pk": 379, "fields": {"user": 71, "distance": 13, "pre_time": 2900, "result_time": null, "is_finished": false, "points": null}}, {"model": "core.userdistance", "pk": 380, "fields": {"user": 71, "distance": 15, "pre_time": 3000, "result_time": null, "is_finished": false, "points": null}}, {"model": "core.userdistance", "pk": 381, "fields": {"user": 71, "distance": 17, "pre_time": 6400, "result_time": null, "is_finished": false, "points": null}}, {"model": "core.userdistance", "pk": 382, "fields": {"user": 72, "distance": 3, "pre_time": 13500, "result_time": null, "is_finished": false, "points": null}}, {"model": "core.userdistance", "pk": 383, "fields": {"user": 72, "distance": 7, "pre_time": 5800, "result_time": null, "is_finished": false, "points": null}}, {"model": "core.userdistance", "pk": 384, "fields": {"user": 72, "distance": 8, "pre_time": 12000, "result_time": null, "is_finished": false, "points": null}}, {"model": "core.userdistance", "pk": 385, "fields": {"user": 72, "distance": 12, "pre_time": 13500, "result_time": null, "is_finished": false, "points": null}}, {"model": "core.userdistance", "pk": 386, "fields": {"user": 72, "distance": 15, "pre_time": 6800, "result_time": null, "is_finished": false, "points": null}}, {"model": "core.userdistance", "pk": 387, "fields": {"user": 72, "distance": 17, "pre_time": 12000, "result_time": null, "is_finished": false, "points": null}}, {"model": "core.userdistance", "pk": 396, "fields": {"user": 65, "distance": 10, "pre_time": 10000, "result_time": null, "is_finished": false, "points": null}}, {"model": "core.userdistance", "pk": 397, "fields": {"user": 65, "distance": 12, "pre_time": 10500, "result_time": null, "is_finished": false, "points": null}}, {"model": "core.userdistance", "pk": 398, "fields": {"user": 65, "distance": 17, "pre_time": 8500, "result_time": null, "is_finished": false, "points": null}}, {"model": "core.userdistance", "pk": 399, "fields": {"user": 75, "distance": 4, "pre_time": 5000, "result_time": null, "is_finished": false, "points": null}}, {"model": "core.userdistance", "pk": 400, "fields": {"user": 75, "distance": 7, "pre_time": 6000, "result_time": null, "is_finished": false, "points": null}}, {"model": "core.userdistance", "pk": 401, "fields": {"user": 75, "distance": 13, "pre_time": 5000, "result_time": null, "is_finished": false, "points": null}}, {"model": "core.userdistance", "pk": 402, "fields": {"user": 75, "distance": 16, "pre_time": 6000, "result_time": null, "is_finished": false, "points": null}}, {"model": "core.userdistance", "pk": 404, "fields": {"user": 76, "distance": 6, "pre_time": 4400, "result_time": null, "is_finished": false, "points": null}}, {"model": "core.userdistance", "pk": 405, "fields": {"user": 76, "distance": 9, "pre_time": 4700, "result_time": null, "is_finished": false, "points": null}}, {"model": "core.userdistance", "pk": 406, "fields": {"user": 76, "distance": 4, "pre_time": 4000, "result_time": null, "is_finished": false, "points": null}}, {"model": "core.userdistance", "pk": 407, "fields": {"user": 76, "distance": 15, "pre_time": 4400, "result_time": null, "is_finished": false, "points": null}}, {"model": "core.userdistance", "pk": 408, "fields": {"user": 77, "distance": 4, "pre_time": 3200, "result_time": null, "is_finished": false, "points": null}}, {"model": "core.userdistance", "pk": 409, "fields": {"user": 77, "distance": 8, "pre_time": 7000, "result_time": null, "is_finished": false, "points": null}}, {"model": "core.userdistance", "pk": 410, "fields": {"user": 77, "distance": 13, "pre_time": 3200, "result_time": null, "is_finished": false, "points": null}}, {"model": "core.userdistance", "pk": 411, "fields": {"user": 77, "distance": 17, "pre_time": 7000, "result_time": null, "is_finished": false, "points": null}}, {"model": "core.userdistance", "pk": 412, "fields": {"user": 78, "distance": 4, "pre_time": 3000, "result_time": null, "is_finished": false, "points": null}}, {"model": "core.userdistance", "pk": 413, "fields": {"user": 78, "distance": 7, "pre_time": 3750, "result_time": null, "is_finished": false, "points": null}}, {"model": "core.userdistance", "pk": 414, "fields": {"user": 78, "distance": 13, "pre_time": 3000, "result_time": null, "is_finished": false, "points": null}}, {"model": "core.userdistance", "pk": 415, "fields": {"user": 78, "distance": 16, "pre_time": 3800, "result_time": null, "is_finished": false, "points": null}}, {"model": "core.userdistance", "pk": 416, "fields": {"user": 79, "distance": 2, "pre_time": 8500, "result_time": null, "is_finished": false, "points": null}}, {"model": "core.userdistance", "pk": 417, "fields": {"user": 79, "distance": 4, "pre_time": 3000, "result_time": null, "is_finished": false, "points": null}}, {"model": "core.userdistance", "pk": 418, "fields": {"user": 79, "distance": 7, "pre_time": 3850, "result_time": null, "is_finished": false, "points": null}}, {"model": "core.userdistance", "pk": 419, "fields": {"user": 80, "distance": 4, "pre_time": 3500, "result_time": null, "is_finished": false, "points": null}}, {"model": "core.userdistance", "pk": 420, "fields": {"user": 80, "distance": 8, "pre_time": 8000, "result_time": null, "is_finished": false, "points": null}}, {"model": "core.userdistance", "pk": 421, "fields": {"user": 80, "distance": 13, "pre_time": 3500, "result_time": null, "is_finished": false, "points": null}}, {"model": "core.userdistance", "pk": 422, "fields": {"user": 80, "distance": 17, "pre_time": 8000, "result_time": null, "is_finished": false, "points": null}}, {"model": "core.userdistance", "pk": 423, "fields": {"user": 84, "distance": 13, "pre_time": 2600, "result_time": null, "is_finished": false, "points": null}}, {"model": "core.userdistance", "pk": 424, "fields": {"user": 84, "distance": 17, "pre_time": 5700, "result_time": null, "is_finished": false, "points": null}}, {"model": "core.userdistance", "pk": 425, "fields": {"user": 83, "distance": 4, "pre_time": 2834, "result_time": null, "is_finished": false, "points": null}}, {"model": "core.userdistance", "pk": 426, "fields": {"user": 83, "distance": 6, "pre_time": 3200, "result_time": null, "is_finished": false, "points": null}}, {"model": "core.userdistance", "pk": 427, "fields": {"user": 83, "distance": 7, "pre_time": 3800, "result_time": null, "is_finished": false, "points": null}}, {"model": "core.userdistance", "pk": 428, "fields": {"user": 83, "distance": 13, "pre_time": 2800, "result_time": null, "is_finished": false, "points": null}}, {"model": "core.userdistance", "pk": 429, "fields": {"user": 83, "distance": 15, "pre_time": 3200, "result_time": null, "is_finished": false, "points": null}}, {"model": "core.userdistance", "pk": 430, "fields": {"user": 83, "distance": 18, "pre_time": 3350, "result_time": null, "is_finished": false, "points": null}}, {"model": "core.userdistance", "pk": 431, "fields": {"user": 85, "distance": 6, "pre_time": 3650, "result_time": null, "is_finished": false, "points": null}}, {"model": "core.userdistance", "pk": 432, "fields": {"user": 85, "distance": 9, "pre_time": 3700, "result_time": null, "is_finished": false, "points": null}}, {"model": "core.userdistance", "pk": 433, "fields": {"user": 85, "distance": 10, "pre_time": 7800, "result_time": null, "is_finished": false, "points": null}}, {"model": "core.userdistance", "pk": 434, "fields": {"user": 85, "distance": 15, "pre_time": 3600, "result_time": null, "is_finished": false, "points": null}}, {"model": "core.userdistance", "pk": 435, "fields": {"user": 89, "distance": 13, "pre_time": 4500, "result_time": null, "is_finished": false, "points": null}}, {"model": "core.userdistance", "pk": 436, "fields": {"user": 86, "distance": 7, "pre_time": 4000, "result_time": null, "is_finished": false, "points": null}}, {"model": "core.userdistance", "pk": 437, "fields": {"user": 86, "distance": 3, "pre_time": 9100, "result_time": null, "is_finished": false, "points": null}}, {"model": "core.userdistance", "pk": 438, "fields": {"user": 86, "distance": 10, "pre_time": 8200, "result_time": null, "is_finished": false, "points": null}}, {"model": "core.userdistance", "pk": 439, "fields": {"user": 86, "distance": 16, "pre_time": 3900, "result_time": null, "is_finished": false, "points": null}}, {"model": "core.userdistance", "pk": 440, "fields": {"user": 86, "distance": 15, "pre_time": 3600, "result_time": null, "is_finished": false, "points": null}}, {"model": "core.userdistance", "pk": 441, "fields": {"user": 86, "distance": 12, "pre_time": 9000, "result_time": null, "is_finished": false, "points": null}}, {"model": "core.userdistance", "pk": 442, "fields": {"user": 90, "distance": 3, "pre_time": 10500, "result_time": null, "is_finished": false, "points": null}}, {"model": "core.userdistance", "pk": 443, "fields": {"user": 90, "distance": 4, "pre_time": 3650, "result_time": null, "is_finished": false, "points": null}}, {"model": "core.userdistance", "pk": 444, "fields": {"user": 90, "distance": 7, "pre_time": 4200, "result_time": null, "is_finished": false, "points": null}}, {"model": "core.userdistance", "pk": 445, "fields": {"user": 90, "distance": 8, "pre_time": 9500, "result_time": null, "is_finished": false, "points": null}}, {"model": "core.userdistance", "pk": 446, "fields": {"user": 90, "distance": 12, "pre_time": 10500, "result_time": null, "is_finished": false, "points": null}}, {"model": "core.userdistance", "pk": 447, "fields": {"user": 90, "distance": 13, "pre_time": 3650, "result_time": null, "is_finished": false, "points": null}}, {"model": "core.userdistance", "pk": 448, "fields": {"user": 90, "distance": 16, "pre_time": 4200, "result_time": null, "is_finished": false, "points": null}}, {"model": "core.userdistance", "pk": 449, "fields": {"user": 90, "distance": 17, "pre_time": 9500, "result_time": null, "is_finished": false, "points": null}}, {"model": "core.userdistance", "pk": 450, "fields": {"user": 91, "distance": 7, "pre_time": 3300, "result_time": null, "is_finished": false, "points": null}}, {"model": "core.userdistance", "pk": 451, "fields": {"user": 91, "distance": 12, "pre_time": 8200, "result_time": null, "is_finished": false, "points": null}}, {"model": "core.userdistance", "pk": 452, "fields": {"user": 93, "distance": 13, "pre_time": 3800, "result_time": null, "is_finished": false, "points": null}}, {"model": "core.userdistance", "pk": 453, "fields": {"user": 93, "distance": 12, "pre_time": 11900, "result_time": null, "is_finished": false, "points": null}}, {"model": "core.userdistance", "pk": 454, "fields": {"user": 94, "distance": 13, "pre_time": 3500, "result_time": null, "is_finished": false, "points": null}}, {"model": "core.userdistance", "pk": 455, "fields": {"user": 94, "distance": 17, "pre_time": 9000, "result_time": null, "is_finished": false, "points": null}}, {"model": "core.userdistance", "pk": 456, "fields": {"user": 95, "distance": 13, "pre_time": 2400, "result_time": null, "is_finished": false, "points": null}}, {"model": "core.userdistance", "pk": 457, "fields": {"user": 95, "distance": 15, "pre_time": 2500, "result_time": null, "is_finished": false, "points": null}}, {"model": "core.userdistance", "pk": 458, "fields": {"user": 26, "distance": 4, "pre_time": 3050, "result_time": null, "is_finished": false, "points": null}}, {"model": "core.userdistance", "pk": 459, "fields": {"user": 26, "distance": 7, "pre_time": 3800, "result_time": null, "is_finished": false, "points": null}}, {"model": "core.userdistance", "pk": 460, "fields": {"user": 26, "distance": 16, "pre_time": 3700, "result_time": null, "is_finished": false, "points": null}}, {"model": "core.userdistance", "pk": 461, "fields": {"user": 26, "distance": 13, "pre_time": 2980, "result_time": null, "is_finished": false, "points": null}}, {"model": "core.userdistance", "pk": 462, "fields": {"user": 81, "distance": 9, "pre_time": 3400, "result_time": null, "is_finished": false, "points": null}}, {"model": "core.userdistance", "pk": 463, "fields": {"user": 81, "distance": 4, "pre_time": 2900, "result_time": null, "is_finished": false, "points": null}}, {"model": "core.userdistance", "pk": 464, "fields": {"user": 96, "distance": 5, "pre_time": 10500, "result_time": null, "is_finished": false, "points": null}}, {"model": "core.userdistance", "pk": 465, "fields": {"user": 96, "distance": 7, "pre_time": 4900, "result_time": null, "is_finished": false, "points": null}}, {"model": "core.userdistance", "pk": 466, "fields": {"user": 96, "distance": 9, "pre_time": 4200, "result_time": null, "is_finished": false, "points": null}}, {"model": "core.userdistance", "pk": 467, "fields": {"user": 96, "distance": 10, "pre_time": 10500, "result_time": null, "is_finished": false, "points": null}}, {"model": "core.userdistance", "pk": 468, "fields": {"user": 96, "distance": 16, "pre_time": 4500, "result_time": null, "is_finished": false, "points": null}}, {"model": "core.userdistance", "pk": 469, "fields": {"user": 96, "distance": 18, "pre_time": 4000, "result_time": null, "is_finished": false, "points": null}}, {"model": "core.userdistance", "pk": 470, "fields": {"user": 97, "distance": 4, "pre_time": 3500, "result_time": null, "is_finished": false, "points": null}}, {"model": "core.userdistance", "pk": 471, "fields": {"user": 97, "distance": 13, "pre_time": 3500, "result_time": null, "is_finished": false, "points": null}}, {"model": "core.userdistance", "pk": 472, "fields": {"user": 97, "distance": 15, "pre_time": 4000, "result_time": null, "is_finished": false, "points": null}}, {"model": "core.userdistance", "pk": 473, "fields": {"user": 98, "distance": 3, "pre_time": 9500, "result_time": null, "is_finished": false, "points": null}}, {"model": "core.userdistance", "pk": 474, "fields": {"user": 98, "distance": 4, "pre_time": 3300, "result_time": null, "is_finished": false, "points": null}}, {"model": "core.userdistance", "pk": 475, "fields": {"user": 98, "distance": 5, "pre_time": 9000, "result_time": null, "is_finished": false, "points": null}}, {"model": "core.userdistance", "pk": 476, "fields": {"user": 98, "distance": 7, "pre_time": 4200, "result_time": null, "is_finished": false, "points": null}}, {"model": "core.userdistance", "pk": 477, "fields": {"user": 98, "distance": 9, "pre_time": 3900, "result_time": null, "is_finished": false, "points": null}}, {"model": "core.userdistance", "pk": 478, "fields": {"user": 98, "distance": 10, "pre_time": 8500, "result_time": null, "is_finished": false, "points": null}}, {"model": "core.userdistance", "pk": 479, "fields": {"user": 98, "distance": 12, "pre_time": 9500, "result_time": null, "is_finished": false, "points": null}}, {"model": "core.userdistance", "pk": 480, "fields": {"user": 98, "distance": 13, "pre_time": 3300, "result_time": null, "is_finished": false, "points": null}}, {"model": "core.userdistance", "pk": 481, "fields": {"user": 98, "distance": 14, "pre_time": 9000, "result_time": null, "is_finished": false, "points": null}}, {"model": "core.userdistance", "pk": 482, "fields": {"user": 98, "distance": 16, "pre_time": 4200, "result_time": null, "is_finished": false, "points": null}}, {"model": "core.userdistance", "pk": 483, "fields": {"user": 98, "distance": 18, "pre_time": 3900, "result_time": null, "is_finished": false, "points": null}}, {"model": "core.userdistance", "pk": 484, "fields": {"user": 99, "distance": 4, "pre_time": 3130, "result_time": null, "is_finished": false, "points": null}}, {"model": "core.userdistance", "pk": 485, "fields": {"user": 99, "distance": 10, "pre_time": 8000, "result_time": null, "is_finished": false, "points": null}}, {"model": "core.userdistance", "pk": 486, "fields": {"user": 99, "distance": 13, "pre_time": 3130, "result_time": null, "is_finished": false, "points": null}}, {"model": "core.userdistance", "pk": 487, "fields": {"user": 100, "distance": 4, "pre_time": 3080, "result_time": null, "is_finished": false, "points": null}}, {"model": "core.userdistance", "pk": 488, "fields": {"user": 100, "distance": 13, "pre_time": 3080, "result_time": null, "is_finished": false, "points": null}}, {"model": "core.userdistance", "pk": 489, "fields": {"user": 101, "distance": 3, "pre_time": 8000, "result_time": null, "is_finished": false, "points": null}}, {"model": "core.userdistance", "pk": 490, "fields": {"user": 101, "distance": 12, "pre_time": 8000, "result_time": null, "is_finished": false, "points": null}}, {"model": "core.userdistance", "pk": 491, "fields": {"user": 76, "distance": 13, "pre_time": 4000, "result_time": null, "is_finished": false, "points": null}}, {"model": "core.userdistance", "pk": 492, "fields": {"user": 73, "distance": 4, "pre_time": 2550, "result_time": null, "is_finished": false, "points": null}}, {"model": "core.userdistance", "pk": 493, "fields": {"user": 73, "distance": 6, "pre_time": 2750, "result_time": null, "is_finished": false, "points": null}}, {"model": "core.userdistance", "pk": 494, "fields": {"user": 73, "distance": 10, "pre_time": 6500, "result_time": null, "is_finished": false, "points": null}}, {"model": "core.userdistance", "pk": 495, "fields": {"user": 73, "distance": 17, "pre_time": 5650, "result_time": null, "is_finished": false, "points": null}}, {"model": "core.userdistance", "pk": 496, "fields": {"user": 60, "distance": 2, "pre_time": 7000, "result_time": null, "is_finished": false, "points": null}}, {"model": "core.userdistance", "pk": 497, "fields": {"user": 60, "distance": 7, "pre_time": 3450, "result_time": null, "is_finished": false, "points": null}}, {"model": "core.userdistance", "pk": 498, "fields": {"user": 60, "distance": 10, "pre_time": 6550, "result_time": null, "is_finished": false, "points": null}}, {"model": "core.userdistance", "pk": 499, "fields": {"user": 60, "distance": 15, "pre_time": 2900, "result_time": null, "is_finished": false, "points": null}}, {"model": "core.userdistance", "pk": 500, "fields": {"user": 60, "distance": 18, "pre_time": 3050, "result_time": null, "is_finished": false, "points": null}}, {"model": "core.userdistance", "pk": 501, "fields": {"user": 40, "distance": 4, "pre_time": 2800, "result_time": null, "is_finished": false, "points": null}}, {"model": "core.userdistance", "pk": 502, "fields": {"user": 40, "distance": 9, "pre_time": 3100, "result_time": null, "is_finished": false, "points": null}}, {"model": "competition.resultpoints", "pk": 1, "fields": {"pool_size": "25", "distance_length": 50, "distance_type": 1, "gender": 1, "points": "22.17,22.19,22.72,23.22,23.71,24.47,25.04,25.87,26.74,28.43,30.63,32.92,36.47,43.06,62.14"}}, {"model": "competition.resultpoints", "pk": 2, "fields": {"pool_size": "25", "distance_length": 50, "distance_type": 1, "gender": 2, "points": "25.6,25.75,26.09,26.59,27.01,27.63,28.68,30.28,31.77,33.93,36.9,40.22,46.68,52.31,83.99"}}, {"model": "competition.resultpoints", "pk": 3, "fields": {"pool_size": "25", "distance_length": 100, "distance_type": 1, "gender": 1, "points": "49.11,49.35,50.84,51.21,52.73,54.46,56.23,57.86,60.16,64.2,69.67,75.14,84.78,103.55,155.52"}}, {"model": "competition.resultpoints", "pk": 4, "fields": {"pool_size": "25", "distance_length": 100, "distance_type": 1, "gender": 2, "points": "55.74,56.05,57.75,58.32,59.41,61.24,63.46,67.3,70.14,76.35,83.92,93.49,106.75,135.89,230.42"}}, {"model": "competition.resultpoints", "pk": 5, "fields": {"pool_size": "25", "distance_length": 200, "distance_type": 1, "gender": 1, "points": "109.56,109.09,112.66,114.23,116.31,119.48,124.69,129.37,136.16,146.28,159.85,171.65,195.37,240.03,396.74"}}, {"model": "competition.resultpoints", "pk": 6, "fields": {"pool_size": "25", "distance_length": 200, "distance_type": 1, "gender": 2, "points": "123.71,125.01,125.81,127.53,131.32,133.03,139.07,148.71,157.84,171.62,185.82,208.38,238,300.66,454.81"}}, {"model": "competition.resultpoints", "pk": 7, "fields": {"pool_size": "25", "distance_length": 400, "distance_type": 1, "gender": 1, "points": "237.43,240.2,241.77,243.25,248.54,256.66,270.31,279.04,296.06,317.79,342.75,371.56,427.61,485.98,800.41"}}, {"model": "competition.resultpoints", "pk": 8, "fields": {"pool_size": "25", "distance_length": 400, "distance_type": 1, "gender": 2, "points": "262.18,261.03,267.21,268.81,276.61,280.9,294.97,314.88,334.79,368.28,403.25,446.68,501.48,631.75,969.47"}}, {"model": "competition.resultpoints", "pk": 9, "fields": {"pool_size": "25", "distance_length": 799, "distance_type": 1, "gender": 1, "points": "498.72,504.37,506.63,506.86,520.69,540.5,556.62,585.64,614.17,674.75,712.59,789.77,903.24,1019.29,1646.24"}}, {"model": "competition.resultpoints", "pk": 10, "fields": {"pool_size": "25", "distance_length": 800, "distance_type": 1, "gender": 2, "points": "544.76,543.41,548.66,558.46,571.4,579.48,609.29,649.24,690.02,772.58,831.41,921.05,1035.51,1304.62,1467.86"}}, {"model": "competition.resultpoints", "pk": 11, "fields": {"pool_size": "25", "distance_length": 1500, "distance_type": 1, "gender": 1, "points": "958.19,968.32,970.16,977.59,1003.97,1028.22,1080.9,1130.08,1179.18,1296.26,1380.57,1510.51,1788.41,1957.3,2489.87"}}, {"model": "competition.resultpoints", "pk": 12, "fields": {"pool_size": "25", "distance_length": 1500, "distance_type": 1, "gender": 2, "points": "1027.33,1047.66,1052.65,1062.55,1094.4,1115.71,1159.1,1231.99,1332.11,1505.92,1617.91,1772.34,2005.02,2430.9,2934.4"}}, {"model": "competition.resultpoints", "pk": 13, "fields": {"pool_size": "25", "distance_length": 50, "distance_type": 3, "gender": 1, "points": "24.85,25.11,26.04,26.53,27.2,28.2,29.06,30.76,32.32,34.62,37.11,39.63,45.63,54.44,70.38"}}, {"model": "competition.resultpoints", "pk": 14, "fields": {"pool_size": "25", "distance_length": 50, "distance_type": 3, "gender": 2, "points": "29.04,29.08,29.61,30.36,30.96,32.16,33.82,35.96,36.65,39.17,44.14,48.57,56.88,70.39,99.03"}}, {"model": "competition.resultpoints", "pk": 15, "fields": {"pool_size": "25", "distance_length": 100, "distance_type": 3, "gender": 1, "points": "54.39,55.06,56.83,57.41,58.96,60.89,63.55,67.34,72.57,76.04,82.14,90.4,104.39,122.22,162.02"}}, {"model": "competition.resultpoints", "pk": 16, "fields": {"pool_size": "25", "distance_length": 100, "distance_type": 3, "gender": 2, "points": "62.61,63.05,63.91,65.43,66.67,69.15,73.95,78.15,81.73,87.11,97.5,109.54,126.66,153.18,218.64"}}, {"model": "competition.resultpoints", "pk": 17, "fields": {"pool_size": "25", "distance_length": 200, "distance_type": 3, "gender": 1, "points": "121.11,121.26,124.55,126.11,130.93,134.73,140.55,150.06,158.75,170.25,184.67,198.61,238.2,273.74,447.89"}}, {"model": "competition.resultpoints", "pk": 18, "fields": {"pool_size": "25", "distance_length": 200, "distance_type": 3, "gender": 2, "points": "136.14,136.64,138.3,143.57,145.24,150.58,161.04,169.83,178.97,192.42,217.13,239.59,267.24,336.78,495.04"}}, {"model": "competition.resultpoints", "pk": 19, "fields": {"pool_size": "25", "distance_length": 50, "distance_type": 4, "gender": 1, "points": "27.66,27.71,28.48,28.89,29.45,30.55,31.71,32.93,34.38,36.67,39.58,43.46,48.54,55.39,81.53"}}, {"model": "competition.resultpoints", "pk": 20, "fields": {"pool_size": "25", "distance_length": 50, "distance_type": 4, "gender": 2, "points": "31.83,32.02,32.69,33.43,34.21,35.61,37.37,39.17,41.88,44,47.47,50.84,60.72,71,159.53"}}, {"model": "competition.resultpoints", "pk": 21, "fields": {"pool_size": "25", "distance_length": 100, "distance_type": 4, "gender": 1, "points": "60.73,60.96,62.11,62.95,64.8,68.6,70.45,73.24,77.32,82.53,87.84,97.8,114.11,132.14,192.54"}}, {"model": "competition.resultpoints", "pk": 22, "fields": {"pool_size": "25", "distance_length": 100, "distance_type": 4, "gender": 2, "points": "69.89,70.3,71.56,72.13,74.66,77.69,82.41,86.95,91.99,96.31,103.52,115.26,140.53,160.54,"}}, {"model": "competition.resultpoints", "pk": 23, "fields": {"pool_size": "25", "distance_length": 200, "distance_type": 4, "gender": 1, "points": "135.9,134.75,137.2,139.61,143.73,152.42,156.53,163.85,174.7,183.38,198.45,222.88,262.47,329.89,423.84"}}, {"model": "competition.resultpoints", "pk": 24, "fields": {"pool_size": "25", "distance_length": 200, "distance_type": 4, "gender": 2, "points": "152.59,154.34,158.33,159.33,165.15,170.81,181.19,190.18,200.58,211.49,224.12,253.71,319.1,349.47,"}}, {"model": "competition.resultpoints", "pk": 25, "fields": {"pool_size": "25", "distance_length": 50, "distance_type": 2, "gender": 1, "points": "23.82,24.21,24.29,25.1,25.86,26.36,27.19,28.21,29.42,31.63,33.85,39.45,46.32,53.8,138.91"}}, {"model": "competition.resultpoints", "pk": 26, "fields": {"pool_size": "25", "distance_length": 50, "distance_type": 2, "gender": 2, "points": "27.33,27.54,28.38,28.63,29.38,30.26,31.48,33.18,35.34,38.03,43.57,53.19,60.65,73.06,"}}, {"model": "competition.resultpoints", "pk": 27, "fields": {"pool_size": "25", "distance_length": 100, "distance_type": 2, "gender": 1, "points": "53.02,53.47,54.89,56.1,57.68,59.11,61.57,64.67,68.09,74.45,85.33,98.74,127.66,142.53,364.41"}}, {"model": "competition.resultpoints", "pk": 28, "fields": {"pool_size": "25", "distance_length": 100, "distance_type": 2, "gender": 2, "points": "60.82,61.35,63.41,64.42,65.51,68.31,71.5,76.85,83.11,92.98,107.74,127.69,153.74,188.29,"}}, {"model": "competition.resultpoints", "pk": 29, "fields": {"pool_size": "25", "distance_length": 200, "distance_type": 2, "gender": 1, "points": "120.79,122.28,124.7,125.5,129.55,134.71,143.42,152.26,163.06,179.03,208.75,242.63,292.91,357.38,"}}, {"model": "competition.resultpoints", "pk": 30, "fields": {"pool_size": "25", "distance_length": 200, "distance_type": 2, "gender": 2, "points": "138.04,141.09,142.83,145.55,148.3,153.65,162.97,182.14,201.56,215.15,252.4,310.15,387.01,447.74,"}}, {"model": "competition.resultpoints", "pk": 31, "fields": {"pool_size": "25", "distance_length": 100, "distance_type": 5, "gender": 1, "points": "55.25,55.45,57.17,58.17,60.15,61.4,63.76,66.93,70.92,75.52,81.83,90.24,104.62,133.47,279.96"}}, {"model": "competition.resultpoints", "pk": 32, "fields": {"pool_size": "25", "distance_length": 100, "distance_type": 5, "gender": 2, "points": "64.01,63.62,65.68,65.85,67.53,69.66,73.79,78.55,82.3,87.67,97.61,109.59,134.63,147.38,223.51"}}, {"model": "competition.resultpoints", "pk": 33, "fields": {"pool_size": "25", "distance_length": 200, "distance_type": 5, "gender": 1, "points": "121.93,120.92,126.25,127.75,131.89,135.15,140.89,148.2,156.54,169.46,186.55,205.13,246.88,289.17,590.55"}}, {"model": "competition.resultpoints", "pk": 34, "fields": {"pool_size": "25", "distance_length": 200, "distance_type": 5, "gender": 2, "points": "139.61,139.79,142.63,143.48,147.99,152.42,160.77,171.14,180.52,197.98,218.52,245.59,309.63,337.03,"}}, {"model": "competition.resultpoints", "pk": 35, "fields": {"pool_size": "25", "distance_length": 400, "distance_type": 5, "gender": 1, "points": "267.24,265.77,273.76,274.48,283.95,291.94,308.75,324.35,345.92,372.15,413.69,455.33,582.83,642.57,1263.17"}}, {"model": "competition.resultpoints", "pk": 36, "fields": {"pool_size": "25", "distance_length": 400, "distance_type": 5, "gender": 2, "points": "295.82,298.56,304.96,308.76,320.22,330.79,347.45,365.38,393.7,432.86,480.2,545.23,691.22,761.71,"}}, {"model": "competition.resultpoints", "pk": 37, "fields": {"pool_size": "50", "distance_length": 50, "distance_type": 1, "gender": 1, "points": "23.06,22.98,23.39,23.74,24.46,24.79,25.57,26.28,27.44,28.57,30.6,32.85,36.37,42.95,61.68"}}, {"model": "competition.resultpoints", "pk": 38, "fields": {"pool_size": "50", "distance_length": 50, "distance_type": 1, "gender": 2, "points": "26.31,26.19,26.7,26.86,27.39,28.13,29.45,30.4,31.66,34.2,36.94,39.86,46.1,52.41,77.76"}}, {"model": "competition.resultpoints", "pk": 39, "fields": {"pool_size": "50", "distance_length": 100, "distance_type": 1, "gender": 1, "points": "51.04,51.09,52.13,52.68,54.13,55.14,57.3,59.1,62.02,65.19,70.91,75.39,85.39,105.1,159.99"}}, {"model": "competition.resultpoints", "pk": 40, "fields": {"pool_size": "50", "distance_length": 100, "distance_type": 1, "gender": 2, "points": "57.87,57.49,58.97,59.67,60.52,62.18,64.83,67.73,71.19,77.4,84.27,94.54,106.71,132.44,185.14"}}, {"model": "competition.resultpoints", "pk": 41, "fields": {"pool_size": "50", "distance_length": 200, "distance_type": 1, "gender": 1, "points": "112.84,113.72,115.66,116.86,119.71,122.84,126.99,133.1,140.36,147.81,160.07,174.1,198.19,248.9,406.02"}}, {"model": "competition.resultpoints", "pk": 42, "fields": {"pool_size": "50", "distance_length": 200, "distance_type": 1, "gender": 2, "points": "125.02,126.85,128.21,131.53,133.53,136.3,141.16,150.67,159.86,173.69,187.73,212.41,235.75,291.21,449.13"}}, {"model": "competition.resultpoints", "pk": 43, "fields": {"pool_size": "50", "distance_length": 400, "distance_type": 1, "gender": 1, "points": "243.8,242.57,249.21,253.01,255.58,261.62,271.3,286.69,302.85,321.46,340.96,377.16,429.39,487.63,984.93"}}, {"model": "competition.resultpoints", "pk": 44, "fields": {"pool_size": "50", "distance_length": 400, "distance_type": 1, "gender": 2, "points": "260.71,268.46,271.64,272.48,281.62,285.81,296.88,321.72,345.47,375.35,397.94,447.99,501.04,639.52,879.67"}}, {"model": "competition.resultpoints", "pk": 45, "fields": {"pool_size": "50", "distance_length": 800, "distance_type": 1, "gender": 1, "points": "511.69,505.94,519.65,524.78,533.67,546.32,568.29,593.87,632.47,665.93,725.9,791.85,902.77,1030.01,1776.44"}}, {"model": "competition.resultpoints", "pk": 46, "fields": {"pool_size": "50", "distance_length": 800, "distance_type": 1, "gender": 2, "points": "539.44,559.37,560.43,564.6,579.63,593.2,612.19,662.82,714.59,772.98,843.8,926.64,1044.78,1343.57,1643.75"}}, {"model": "competition.resultpoints", "pk": 47, "fields": {"pool_size": "50", "distance_length": 1500, "distance_type": 1, "gender": 1, "points": "990.19,994.89,1003.88,1008,1031.35,1066.82,1102.21,1156.26,1213.48,1297.96,1399.29,1550.27,1757.59,2026.85,3897.87"}}, {"model": "competition.resultpoints", "pk": 48, "fields": {"pool_size": "50", "distance_length": 1500, "distance_type": 1, "gender": 2, "points": "1037.03,1065.15,1076.49,1089.37,1115.78,1145.27,1178.11,1272,1387.39,1501.09,1637.63,1777.12,2069.75,2468.35,3810.82"}}, {"model": "competition.resultpoints", "pk": 49, "fields": {"pool_size": "50", "distance_length": 50, "distance_type": 3, "gender": 1, "points": "26.28,26.51,27.23,27.65,28.43,29.09,30.13,31.83,33.29,35.58,37.52,40.22,45.43,53.7,70.2"}}, {"model": "competition.resultpoints", "pk": 50, "fields": {"pool_size": "50", "distance_length": 50, "distance_type": 3, "gender": 2, "points": "30.18,30.03,31.01,31.51,31.9,32.88,35.03,36.32,37.6,40.53,44.78,48.51,55.7,68.08,90.82"}}, {"model": "competition.resultpoints", "pk": 51, "fields": {"pool_size": "50", "distance_length": 100, "distance_type": 3, "gender": 1, "points": "56.77,57.57,59.46,59.99,61.63,63.37,66.88,70.16,75.04,77.73,84.22,92.89,104.82,123.99,174.1"}}, {"model": "competition.resultpoints", "pk": 52, "fields": {"pool_size": "50", "distance_length": 100, "distance_type": 3, "gender": 2, "points": "65.28,65.16,66.57,67.79,68.78,72.37,77.04,79.05,83.7,90.26,100.56,110.63,127.03,156.17,215.32"}}, {"model": "competition.resultpoints", "pk": 53, "fields": {"pool_size": "50", "distance_length": 200, "distance_type": 3, "gender": 1, "points": "126.18,126.81,129.59,133.18,135.73,140.68,146.79,156.37,166.53,174.23,188.74,207.94,235.52,272.31,414.81"}}, {"model": "competition.resultpoints", "pk": 54, "fields": {"pool_size": "50", "distance_length": 200, "distance_type": 3, "gender": 2, "points": "140.92,140.87,143.52,147.06,150.62,156.28,167.51,172.71,184.96,197.58,220.78,243.2,274.89,343.14,469.69"}}, {"model": "competition.resultpoints", "pk": 55, "fields": {"pool_size": "50", "distance_length": 50, "distance_type": 4, "gender": 1, "points": "28.23,28.78,29.08,29.35,29.93,31.16,32.17,33.61,35.03,37.42,40.14,43.82,49.44,59.32,85.34"}}, {"model": "competition.resultpoints", "pk": 56, "fields": {"pool_size": "50", "distance_length": 50, "distance_type": 4, "gender": 2, "points": "32.45,33.05,33.54,33.79,34.45,36.29,38.16,39.54,42.15,44.79,47.54,51.39,60.94,70.84,198.85"}}, {"model": "competition.resultpoints", "pk": 57, "fields": {"pool_size": "50", "distance_length": 100, "distance_type": 4, "gender": 1, "points": "62.94,63.66,65.19,65.57,67,70.2,72.69,76.16,79.31,85.06,90.69,101.4,115.18,145.61,206.41"}}, {"model": "competition.resultpoints", "pk": 58, "fields": {"pool_size": "50", "distance_length": 100, "distance_type": 4, "gender": 2, "points": "72.47,73.23,73.97,74.13,76.25,80.55,85.16,88.41,94.04,99.54,105.91,116.44,140.64,162.78,480.98"}}, {"model": "competition.resultpoints", "pk": 59, "fields": {"pool_size": "50", "distance_length": 200, "distance_type": 4, "gender": 1, "points": "138.21,140.86,142.89,145.54,149.29,156.13,161.45,169.19,179.48,189.67,203.5,227.43,260.23,337.19,461.64"}}, {"model": "competition.resultpoints", "pk": 60, "fields": {"pool_size": "50", "distance_length": 50, "distance_type": 2, "gender": 1, "points": "24.31,24.53,24.99,25.57,26.17,26.61,27.36,28.43,29.53,31.52,34,39.65,48.96,55.35,128.84"}}, {"model": "competition.resultpoints", "pk": 61, "fields": {"pool_size": "50", "distance_length": 50, "distance_type": 2, "gender": 2, "points": "27.6,27.94,28.49,29.11,29.46,30.43,31.74,33.03,35.35,39.12,43.76,53.56,68.49,77.36,"}}, {"model": "competition.resultpoints", "pk": 62, "fields": {"pool_size": "50", "distance_length": 100, "distance_type": 2, "gender": 1, "points": "54.43,55.03,55.93,57.24,58.74,60.23,62.16,65.98,68.97,75.68,87.31,102.37,130.95,151.89,249.52"}}, {"model": "competition.resultpoints", "pk": 63, "fields": {"pool_size": "50", "distance_length": 100, "distance_type": 2, "gender": 2, "points": "62.5,62.68,64.17,65.77,66.95,69.3,71.72,77.48,85.16,97.45,113.29,132.08,170.06,205.07,"}}, {"model": "competition.resultpoints", "pk": 64, "fields": {"pool_size": "50", "distance_length": 200, "distance_type": 2, "gender": 1, "points": "125.83,125.93,127.8,131.07,132.67,136.82,143.22,156.67,169.05,186.72,209.88,240.9,316.39,365.78,845.25"}}, {"model": "competition.resultpoints", "pk": 65, "fields": {"pool_size": "50", "distance_length": 200, "distance_type": 2, "gender": 2, "points": "139.63,141.7,144.86,147.75,152.33,159.57,167.73,184.05,211.25,225.95,258.92,299.05,377.11,480.53,"}}, {"model": "competition.resultpoints", "pk": 66, "fields": {"pool_size": "50", "distance_length": 200, "distance_type": 5, "gender": 1, "points": "127.79,126.27,131.38,133.65,135.91,140.65,145.38,152.57,162.78,175.57,191.61,212.73,246.02,292.01,535.97"}}, {"model": "competition.resultpoints", "pk": 67, "fields": {"pool_size": "50", "distance_length": 200, "distance_type": 5, "gender": 2, "points": "142.34,143.48,146.04,148.06,152.42,156.6,164.92,175.26,182.98,201.05,225.31,248.99,313.6,358.17,"}}, {"model": "competition.resultpoints", "pk": 68, "fields": {"pool_size": "50", "distance_length": 400, "distance_type": 5, "gender": 1, "points": "276.23,273.98,281.91,287.94,292.1,301.78,316.55,333.49,355.2,387.85,424.18,468.4,561.08,661.4,1049.2"}}, {"model": "competition.resultpoints", "pk": 69, "fields": {"pool_size": "50", "distance_length": 400, "distance_type": 5, "gender": 2, "points": "306.14,308.85,315.73,322.81,329.53,336.71,356.58,376.4,411.13,437.69,501.74,564.36,689.87,804.28,"}}, {"model": "auth.permission", "pk": 1, "fields": {"name": "Can add pinned application", "content_type": 1, "codename": "add_pinnedapplication"}}, {"model": "auth.permission", "pk": 2, "fields": {"name": "Can change pinned application", "content_type": 1, "codename": "change_pinnedapplication"}}, {"model": "auth.permission", "pk": 3, "fields": {"name": "Can delete pinned application", "content_type": 1, "codename": "delete_pinnedapplication"}}, {"model": "auth.permission", "pk": 4, "fields": {"name": "Can add bookmark", "content_type": 2, "codename": "add_bookmark"}}, {"model": "auth.permission", "pk": 5, "fields": {"name": "Can change bookmark", "content_type": 2, "codename": "change_bookmark"}}, {"model": "auth.permission", "pk": 6, "fields": {"name": "Can delete bookmark", "content_type": 2, "codename": "delete_bookmark"}}, {"model": "auth.permission", "pk": 7, "fields": {"name": "Can add log entry", "content_type": 3, "codename": "add_logentry"}}, {"model": "auth.permission", "pk": 8, "fields": {"name": "Can change log entry", "content_type": 3, "codename": "change_logentry"}}, {"model": "auth.permission", "pk": 9, "fields": {"name": "Can delete log entry", "content_type": 3, "codename": "delete_logentry"}}, {"model": "auth.permission", "pk": 10, "fields": {"name": "Can add group", "content_type": 4, "codename": "add_group"}}, {"model": "auth.permission", "pk": 11, "fields": {"name": "Can change group", "content_type": 4, "codename": "change_group"}}, {"model": "auth.permission", "pk": 12, "fields": {"name": "Can delete group", "content_type": 4, "codename": "delete_group"}}, {"model": "auth.permission", "pk": 13, "fields": {"name": "Can add permission", "content_type": 5, "codename": "add_permission"}}, {"model": "auth.permission", "pk": 14, "fields": {"name": "Can change permission", "content_type": 5, "codename": "change_permission"}}, {"model": "auth.permission", "pk": 15, "fields": {"name": "Can delete permission", "content_type": 5, "codename": "delete_permission"}}, {"model": "auth.permission", "pk": 16, "fields": {"name": "Can add content type", "content_type": 6, "codename": "add_contenttype"}}, {"model": "auth.permission", "pk": 17, "fields": {"name": "Can change content type", "content_type": 6, "codename": "change_contenttype"}}, {"model": "auth.permission", "pk": 18, "fields": {"name": "Can delete content type", "content_type": 6, "codename": "delete_contenttype"}}, {"model": "auth.permission", "pk": 19, "fields": {"name": "Can add session", "content_type": 7, "codename": "add_session"}}, {"model": "auth.permission", "pk": 20, "fields": {"name": "Can change session", "content_type": 7, "codename": "change_session"}}, {"model": "auth.permission", "pk": 21, "fields": {"name": "Can delete session", "content_type": 7, "codename": "delete_session"}}, {"model": "auth.permission", "pk": 22, "fields": {"name": "Can add profile", "content_type": 8, "codename": "add_profile"}}, {"model": "auth.permission", "pk": 23, "fields": {"name": "Can change profile", "content_type": 8, "codename": "change_profile"}}, {"model": "auth.permission", "pk": 24, "fields": {"name": "Can delete profile", "content_type": 8, "codename": "delete_profile"}}, {"model": "auth.permission", "pk": 25, "fields": {"name": "Can add User", "content_type": 9, "codename": "add_user"}}, {"model": "auth.permission", "pk": 26, "fields": {"name": "Can change User", "content_type": 9, "codename": "change_user"}}, {"model": "auth.permission", "pk": 27, "fields": {"name": "Can delete User", "content_type": 9, "codename": "delete_user"}}, {"model": "auth.permission", "pk": 28, "fields": {"name": "Can add user relay race", "content_type": 10, "codename": "add_userrelayrace"}}, {"model": "auth.permission", "pk": 29, "fields": {"name": "Can change user relay race", "content_type": 10, "codename": "change_userrelayrace"}}, {"model": "auth.permission", "pk": 30, "fields": {"name": "Can delete user relay race", "content_type": 10, "codename": "delete_userrelayrace"}}, {"model": "auth.permission", "pk": 31, "fields": {"name": "Can add relay race", "content_type": 11, "codename": "add_relayrace"}}, {"model": "auth.permission", "pk": 32, "fields": {"name": "Can change relay race", "content_type": 11, "codename": "change_relayrace"}}, {"model": "auth.permission", "pk": 33, "fields": {"name": "Can delete relay race", "content_type": 11, "codename": "delete_relayrace"}}, {"model": "auth.permission", "pk": 34, "fields": {"name": "Can add team relation to user", "content_type": 12, "codename": "add_teamrelationtouser"}}, {"model": "auth.permission", "pk": 35, "fields": {"name": "Can change team relation to user", "content_type": 12, "codename": "change_teamrelationtouser"}}, {"model": "auth.permission", "pk": 36, "fields": {"name": "Can delete team relation to user", "content_type": 12, "codename": "delete_teamrelationtouser"}}, {"model": "auth.permission", "pk": 37, "fields": {"name": "Can add relay race team", "content_type": 13, "codename": "add_relayraceteam"}}, {"model": "auth.permission", "pk": 38, "fields": {"name": "Can change relay race team", "content_type": 13, "codename": "change_relayraceteam"}}, {"model": "auth.permission", "pk": 39, "fields": {"name": "Can delete relay race team", "content_type": 13, "codename": "delete_relayraceteam"}}, {"model": "auth.permission", "pk": 40, "fields": {"name": "Can add distance", "content_type": 14, "codename": "add_distance"}}, {"model": "auth.permission", "pk": 41, "fields": {"name": "Can change distance", "content_type": 14, "codename": "change_distance"}}, {"model": "auth.permission", "pk": 42, "fields": {"name": "Can delete distance", "content_type": 14, "codename": "delete_distance"}}, {"model": "auth.permission", "pk": 43, "fields": {"name": "Can add competition user", "content_type": 15, "codename": "add_competitionuser"}}, {"model": "auth.permission", "pk": 44, "fields": {"name": "Can change competition user", "content_type": 15, "codename": "change_competitionuser"}}, {"model": "auth.permission", "pk": 45, "fields": {"name": "Can delete competition user", "content_type": 15, "codename": "delete_competitionuser"}}, {"model": "auth.permission", "pk": 46, "fields": {"name": "Can add competition", "content_type": 16, "codename": "add_competition"}}, {"model": "auth.permission", "pk": 47, "fields": {"name": "Can change competition", "content_type": 16, "codename": "change_competition"}}, {"model": "auth.permission", "pk": 48, "fields": {"name": "Can delete competition", "content_type": 16, "codename": "delete_competition"}}, {"model": "auth.permission", "pk": 49, "fields": {"name": "Can add invitations", "content_type": 17, "codename": "add_invitations"}}, {"model": "auth.permission", "pk": 50, "fields": {"name": "Can change invitations", "content_type": 17, "codename": "change_invitations"}}, {"model": "auth.permission", "pk": 51, "fields": {"name": "Can delete invitations", "content_type": 17, "codename": "delete_invitations"}}, {"model": "auth.permission", "pk": 52, "fields": {"name": "Can add user distance", "content_type": 18, "codename": "add_userdistance"}}, {"model": "auth.permission", "pk": 53, "fields": {"name": "Can change user distance", "content_type": 18, "codename": "change_userdistance"}}, {"model": "auth.permission", "pk": 54, "fields": {"name": "Can delete user distance", "content_type": 18, "codename": "delete_userdistance"}}, {"model": "auth.permission", "pk": 55, "fields": {"name": "Can add competition team", "content_type": 19, "codename": "add_competitionteam"}}, {"model": "auth.permission", "pk": 56, "fields": {"name": "Can change competition team", "content_type": 19, "codename": "change_competitionteam"}}, {"model": "auth.permission", "pk": 57, "fields": {"name": "Can delete competition team", "content_type": 19, "codename": "delete_competitionteam"}}, {"model": "auth.permission", "pk": 58, "fields": {"name": "Can add team", "content_type": 20, "codename": "add_team"}}, {"model": "auth.permission", "pk": 59, "fields": {"name": "Can change team", "content_type": 20, "codename": "change_team"}}, {"model": "auth.permission", "pk": 60, "fields": {"name": "Can delete team", "content_type": 20, "codename": "delete_team"}}, {"model": "auth.permission", "pk": 61, "fields": {"name": "Can add contact message", "content_type": 21, "codename": "add_contactmessage"}}, {"model": "auth.permission", "pk": 62, "fields": {"name": "Can change contact message", "content_type": 21, "codename": "change_contactmessage"}}, {"model": "auth.permission", "pk": 63, "fields": {"name": "Can delete contact message", "content_type": 21, "codename": "delete_contactmessage"}}, {"model": "auth.permission", "pk": 64, "fields": {"name": "Can add result points", "content_type": 22, "codename": "add_resultpoints"}}, {"model": "auth.permission", "pk": 65, "fields": {"name": "Can change result points", "content_type": 22, "codename": "change_resultpoints"}}, {"model": "auth.permission", "pk": 66, "fields": {"name": "Can delete result points", "content_type": 22, "codename": "delete_resultpoints"}}, {"model": "admin.logentry", "pk": 82, "fields": {"action_time": "2018-06-02T07:20:38.242Z", "user": 3, "content_type": 9, "object_id": "13", "object_repr": "illko5@gmail.com", "action_flag": 3, "change_message": ""}}, {"model": "admin.logentry", "pk": 83, "fields": {"action_time": "2018-06-02T07:20:38.320Z", "user": 3, "content_type": 9, "object_id": "12", "object_repr": "illko4@gmail.com", "action_flag": 3, "change_message": ""}}, {"model": "admin.logentry", "pk": 84, "fields": {"action_time": "2018-06-02T07:20:38.331Z", "user": 3, "content_type": 9, "object_id": "11", "object_repr": "illko3@gmail.com", "action_flag": 3, "change_message": ""}}, {"model": "admin.logentry", "pk": 85, "fields": {"action_time": "2018-06-02T07:20:38.342Z", "user": 3, "content_type": 9, "object_id": "10", "object_repr": "illko2@gmail.com", "action_flag": 3, "change_message": ""}}, {"model": "admin.logentry", "pk": 86, "fields": {"action_time": "2018-06-02T07:20:38.353Z", "user": 3, "content_type": 9, "object_id": "9", "object_repr": "illko1@gmail.com", "action_flag": 3, "change_message": ""}}, {"model": "admin.logentry", "pk": 87, "fields": {"action_time": "2018-06-02T07:20:38.364Z", "user": 3, "content_type": 9, "object_id": "8", "object_repr": "illko99@gmail.com", "action_flag": 3, "change_message": ""}}, {"model": "admin.logentry", "pk": 88, "fields": {"action_time": "2018-06-02T07:20:38.375Z", "user": 3, "content_type": 9, "object_id": "7", "object_repr": "illko@gmail.com", "action_flag": 3, "change_message": ""}}, {"model": "admin.logentry", "pk": 89, "fields": {"action_time": "2018-06-02T07:20:38.386Z", "user": 3, "content_type": 9, "object_id": "6", "object_repr": "illko997@gmail.com", "action_flag": 3, "change_message": ""}}, {"model": "admin.logentry", "pk": 90, "fields": {"action_time": "2018-06-02T07:20:38.397Z", "user": 3, "content_type": 9, "object_id": "2", "object_repr": "root@root.com", "action_flag": 3, "change_message": ""}}, {"model": "admin.logentry", "pk": 91, "fields": {"action_time": "2018-06-02T07:59:41.320Z", "user": 3, "content_type": 18, "object_id": "168", "object_repr": "\u0411\u0440\u0438\u043b\u044f\u043a\u043e\u0432\u0430  \u0421\u0432\u0456\u0442\u043b\u0430\u043d\u0430  | Competition: \u0412\u0406\u0414\u041a\u0420\u0418\u0422\u0410 \u041f\u0415\u0420\u0428\u0406\u0421\u0422\u042c \u041f\u041e\u041b\u0422\u0410\u0412\u0421\u042c\u041a\u041e\u0407 \u041e\u0411\u041b\u0410\u0421\u0422\u0406 \u0417 \u041f\u041b\u0410\u0412\u0410\u041d\u041d\u042f \u0421\u0415\u0420\u0415\u0414 \u0421\u041f\u041e\u0420\u0422\u0421\u041c\u0415\u041d\u0406\u0412 \u041a\u0410\u0422\u0415\u0413\u041e\u0420\u0406\u0407 \u00ab\u041c\u0410\u0421\u0422\u0415\u0420\u0421\u00bb | Type: Backstroke | Length: 50", "action_flag": 3, "change_message": ""}}, {"model": "admin.logentry", "pk": 92, "fields": {"action_time": "2018-06-02T08:00:54.374Z", "user": 3, "content_type": 18, "object_id": "209", "object_repr": "\u042f\u0440\u0435\u043c\u0435\u043d\u043a\u043e \u041e\u043b\u0435\u043a\u0441\u0430\u043d\u0434\u0440 | Competition: \u0412\u0406\u0414\u041a\u0420\u0418\u0422\u0410 \u041f\u0415\u0420\u0428\u0406\u0421\u0422\u042c \u041f\u041e\u041b\u0422\u0410\u0412\u0421\u042c\u041a\u041e\u0407 \u041e\u0411\u041b\u0410\u0421\u0422\u0406 \u0417 \u041f\u041b\u0410\u0412\u0410\u041d\u041d\u042f \u0421\u0415\u0420\u0415\u0414 \u0421\u041f\u041e\u0420\u0422\u0421\u041c\u0415\u041d\u0406\u0412 \u041a\u0410\u0422\u0415\u0413\u041e\u0420\u0406\u0407 \u00ab\u041c\u0410\u0421\u0422\u0415\u0420\u0421\u00bb | Type: Breaststroke | Length: 50", "action_flag": 3, "change_message": ""}}, {"model": "admin.logentry", "pk": 93, "fields": {"action_time": "2018-06-02T08:01:25.279Z", "user": 3, "content_type": 18, "object_id": "170", "object_repr": "\u0411\u0440\u0438\u043b\u044f\u043a\u043e\u0432\u0430  \u0421\u0432\u0456\u0442\u043b\u0430\u043d\u0430  | Competition: \u0412\u0406\u0414\u041a\u0420\u0418\u0422\u0410 \u041f\u0415\u0420\u0428\u0406\u0421\u0422\u042c \u041f\u041e\u041b\u0422\u0410\u0412\u0421\u042c\u041a\u041e\u0407 \u041e\u0411\u041b\u0410\u0421\u0422\u0406 \u0417 \u041f\u041b\u0410\u0412\u0410\u041d\u041d\u042f \u0421\u0415\u0420\u0415\u0414 \u0421\u041f\u041e\u0420\u0422\u0421\u041c\u0415\u041d\u0406\u0412 \u041a\u0410\u0422\u0415\u0413\u041e\u0420\u0406\u0407 \u00ab\u041c\u0410\u0421\u0422\u0415\u0420\u0421\u00bb | Type: Backstroke | Length: 50", "action_flag": 3, "change_message": ""}}, {"model": "admin.logentry", "pk": 94, "fields": {"action_time": "2018-06-02T08:02:28.828Z", "user": 3, "content_type": 18, "object_id": "167", "object_repr": "\u0411\u0440\u0438\u043b\u044f\u043a\u043e\u0432\u0430  \u0421\u0432\u0456\u0442\u043b\u0430\u043d\u0430  | Competition: \u0412\u0406\u0414\u041a\u0420\u0418\u0422\u0410 \u041f\u0415\u0420\u0428\u0406\u0421\u0422\u042c \u041f\u041e\u041b\u0422\u0410\u0412\u0421\u042c\u041a\u041e\u0407 \u041e\u0411\u041b\u0410\u0421\u0422\u0406 \u0417 \u041f\u041b\u0410\u0412\u0410\u041d\u041d\u042f \u0421\u0415\u0420\u0415\u0414 \u0421\u041f\u041e\u0420\u0422\u0421\u041c\u0415\u041d\u0406\u0412 \u041a\u0410\u0422\u0415\u0413\u041e\u0420\u0406\u0407 \u00ab\u041c\u0410\u0421\u0422\u0415\u0420\u0421\u00bb | Type: Backstroke | Length: 100", "action_flag": 2, "change_message": "[{\"changed\": {\"fields\": [\"pre_time\"]}}]"}}]